oscillation with 250ms/7ms timer interrupts, pwm fills 100 and 190, starting after .5s in pwm 220

700;0.75;255
713;0.75;255
727;0.75;255
739;0.75;255
752;0.75;255
765;0.75;255
779;0.75;255
792;0.75;255
804;0.75;255
818;0.39;255
831;0.39;193
844;0.39;189
857;0.39;183
870;0.39;177 
883;0.39;172
897;0.39;170
910;0.39;167
922;0.39;162
935;0.39;156
949;0.39;152
962;0.39;151
974;0.39;148
987;0.39;148
999;0.39;147
1011;0.39;145
1024;0.39;143
1036;0.39;143
1049;0.39;142
1061;0.75;146
1074;0.75;143
1086;0.75;143
1098;0.75;144
1111;0.75;141
1123;0.75;144
1136;0.75;147
1148;0.75;147
1161;0.75;145
1173;0.75;145
1185;0.75;146
1198;0.75;149
1211;0.75;146
1223;0.75;146
1235;0.75;147
1248;0.75;147
1260;0.75;148
1272;0.75;145
1286;0.75;143
1298;0.75;139
1310;0.39;142
1323;0.39;137
1335;0.39;139
1347;0.39;135
1360;0.39;133
1373;0.39;130
1385;0.39;130
1397;0.39;129
1410;0.39;125
1422;0.39;124
1434;0.39;126
1447;0.39;126
1460;0.39;124
1472;0.39;128
1484;0.39;125
1497;0.39;124
1509;0.39;127
1521;0.39;128
1534;0.39;129
1547;0.39;130
1559;0.75;136
1571;0.75;135
1584;0.75;139
1596;0.75;145
1609;0.75;146
1622;0.75;148
1634;0.75;147
1646;0.75;151
1658;0.75;151
1672;0.75;154
1685;0.75;154
1698;0.75;157
1711;0.75;154
1724;0.75;156
1737;0.75;157
1751;0.75;156
1764;0.75;153
1777;0.75;156
1789;0.75;152
1803;0.75;149
1815;0.39;148
1828;0.39;146
1841;0.39;146
1854;0.39;142
1866;0.39;139
1879;0.39;137 
1891;0.39;134
1903;0.39;132
1915;0.39;133
1928;0.39;128
1941;0.39;132
1953;0.39;128
1966;0.39;131
1978;0.39;127
1990;0.39;130
2002;0.39;126
2016;0.39;126
2028;0.39;131
2040;0.39;131
2053;0.39;131
2065;0.75;132
2077;0.75;132
2089;0.75;137
2103;0.75;138
2115;0.75;137
2127;0.75;143
2140;0.75;144
2152;0.75;146
2164;0.75;146
2178;0.75;145
2191;0.75;145
2204;0.75;147
2217;0.75;146
2231;0.75;148
2243;0.75;147
2257;0.75;149
2270;0.75;146
2282;0.75;144
2294;0.75;143
2307;0.75;142
2320;0.39;138
2332;0.39;141
2344;0.39;138
2357;0.39;137
2369;0.39;131
2381;0.39;133
2395;0.39;130
2407;0.39;129
2419;0.39;128 
2432;0.39;129
2444;0.39;127
2456;0.39;129
2468;0.39;125
2482;0.39;128
2494;0.39;130
2506;0.39;131
2519;0.39;131
2531;0.39;128
2543;0.39;132
2556;0.39;132
2569;0.75;138
2581;0.75;139
2593;0.75;142
2606;0.75;143
2618;0.75;144
2630;0.75;148
2643;0.75;150
2656;0.75;152
2669;0.75;150
2681;0.75;155
2695;0.75;156
2708;0.75;154
2721;0.75;156
2735;0.75;154
2748;0.75;153
2760;0.75;153
2774;0.75;153
2786;0.75;151
2799;0.75;150
2812;0.39;150
2825;0.39;145
2837;0.39;149
2850;0.39;141
2863;0.39;139
2875;0.39;140
2887;0.39;134
2899;0.39;134
2912;0.39;135
2924;0.39;134
2937;0.39;129
2950;0.39;128
2962;0.39;129
2974;0.39;131
2987;0.39;125
2999;0.39;130
3011;0.39;129
3024;0.39;132
3037;0.39;132
3049;0.39;133
3061;0.75;136
3074;0.75;139
3086;0.75;143
3099;0.75;140
3111;0.75;145
3124;0.75;146
3136;0.75;147
3148;0.75;153
3161;0.75;154
3174;0.75;154
3186;0.75;153
3200;0.75;155
3213;0.75;155
3226;0.75;154
3239;0.75;159
3252;0.75;157
3265;0.75;155
3278;0.75;154
3291;0.75;155
3303;0.75;151
3316;0.39;148
3329;0.39;144
3342;0.39;145
3354;0.39;142
3366;0.39;143
3379;0.39;141
3391;0.39;137
3403;0.39;137
3416;0.39;134
3429;0.39;135
3441;0.39;133
3453;0.39;133
3466;0.39;134
3478;0.39;130
3490;0.39;132
3504;0.39;131
3516;0.39;132
3528;0.39;133
3540;0.39;135
3553;0.39;137
3565;0.75;140
3577;0.75;140
3591;0.75;143
3603;0.75;142 
3615;0.75;146
3628;0.75;148
3640;0.75;148
3652;0.75;152
3665;0.75;154
3678;0.75;153
3691;0.75;156
3703;0.75;154
3717;0.75;158
3730;0.75;155
3743;0.75;154
3757;0.75;154
3770;0.75;154
3782;0.75;152
3795;0.75;149
3808;0.75;148
3820;0.39;145
3833;0.39;147
3846;0.39;144
3858;0.39;140
3870;0.39;138
3883;0.39;138
3895;0.39;137
3908;0.39;131
3920;0.39;128
3933;0.39;129
3945;0.39;131
3957;0.39;128
3970;0.39;130
3982;0.39;126
3995;0.39;126
4007;0.39;128
4020;0.39;128
4032;0.39;130
4044;0.39;131
4057;0.39;135
4070;0.75;136
4082;0.75;138
4094;0.75;138
4107;0.75;142
4119;0.75;144
4131;0.75;145
4144;0.75;148
4157;0.75;150
4169;0.75;150
4182;0.75;152
4194;0.75;154
4207;0.75;153
4220;0.75;156
4233;0.75;154
4246;0.75;153
4259;0.75;153
4272;0.75;153
4285;0.75;153
4297;0.75;154
4311;0.39;149 
4324;0.39;146
4336;0.39;145
4348;0.39;142
4361;0.39;140
4374;0.39;143
4386;0.39;133
4399;0.39;134
4411;0.39;135
4423;0.39;132
4435;0.39;128
4448;0.39;127
4461;0.39;128
4473;0.39;129
4486;0.39;127
4498;0.39;128
4510;0.39;129
4523;0.39;126
4536;0.39;128
4548;0.39;133
4560;0.75;135
4573;0.75;136
4585;0.75;138
4597;0.75;138
4610;0.75;142
4623;0.75;143
4635;0.75;145 
4647;0.75;147
4660;0.75;147
4672;0.75;147
4684;0.75;149
4698;0.75;148
4710;0.75;152
4722;0.75;154
4736;0.75;152
4748;0.75;150
4761;0.75;149
4773;0.75;153
4787;0.75;152
4799;0.75;146
4812;0.39;146
4825;0.39;142
4837;0.39;141
4849;0.39;140
4861;0.39;139
4874;0.39;134
4887;0.39;132
4899;0.39;134
4912;0.39;131
4924;0.39;130
4936;0.39;129
4948;0.39;127
4961;0.39;127
4974;0.39;128
4986;0.39;133
4999;0.39;129
5011;0.39;130
5023;0.39;135
5036;0.39;135
5049;0.39;137
5061;0.75;137 
5073;0.75;142
5086;0.75;141
5098;0.75;144
5110;0.75;146
5123;0.75;148
5136;0.75;148
5148;0.75;148
5161;0.75;152
5174;0.75;149
5187;0.75;157
5199;0.75;156
5213;0.75;153
5225;0.75;151
5238;0.75;155
5252;0.75;155
5265;0.75;150
5277;0.75;151
5289;0.75;149
5302;0.75;147
5315;0.39;147
5327;0.39;143 
5340;0.39;143
5352;0.39;140
5364;0.39;138
5377;0.39;139
5389;0.39;134
5402;0.39;133
5414;0.39;132
5427;0.39;132
5439;0.39;131
5451;0.39;131
5466;0.39;131
5479;0.39;131
5491;0.39;133
5504;0.39;132
5516;0.39;133
5528;0.39;133
5540;0.39;137
5553;0.39;140
5566;0.75;140
5578;0.75;142
5591;0.75;144
5603;0.75;148
5615;0.75;147
5627;0.75;150
5641;0.75;152
5653;0.75;155
5665;0.75;157
5678;0.75;157
5690;0.75;158
5702;0.75;160
5715;0.75;160
5728;0.75;162
5740;0.75;155
5753;0.75;159
5766;0.75;159
5779;0.75;158
5791;0.75;157
5804;0.75;154
5816;0.39;150
5828;0.39;147
5840;0.39;144
5854;0.39;145
5866;0.39;141
5878;0.39;143
5891;0.39;136
5903;0.39;136
5915;0.39;131
5928;0.39;129
5941;0.39;131
5953;0.39;129
5965;0.39;133
5978;0.39;129
5990;0.39;131
6002;0.39;128
6016;0.39;132
6028;0.39;130 
6040;0.39;131
6052;0.39;137
6065;0.75;135
6077;0.75;139
6090;0.75;139
6103;0.75;141
6115;0.75;145
6127;0.75;146
6139;0.75;147
6152;0.75;150
6165;0.75;150
6177;0.75;153
6190;0.75;155
6202;0.75;154
6214;0.75;154
6226;0.75;156
6240;0.75;157
6252;0.75;155
6264;0.75;157
6277;0.75;154
6289;0.75;153
6301;0.75;151
6313;0.39;149
6327;0.39;147
6339;0.39;149
6351;0.39;147
6364;0.39;143
6376;0.39;143
6388;0.39;141
6402;0.39;137
6414;0.39;139
6426;0.39;137
6438;0.39;135
6451;0.39;135
6463;0.39;134
6475;0.39;137
6489;0.39;138
6501;0.39;137
6513;0.39;134
6525;0.39;138
6538;0.39;140
6550;0.39;141
6563;0.75;145
6576;0.75;144
6588;0.75;145
6600;0.75;150
6612;0.75;150
6625;0.75;149
6637;0.75;154
6650;0.75;154
6663;0.75;158
6675;0.75;159
6687;0.75;162
6700;0.75;157
6712;0.75;162
6725;0.75;158
6737;0.75;160
6751;0.75;159
6763;0.75;157
6776;0.75;156
6789;0.75;157
6801;0.75;157
6813;0.39;154
6825;0.39;154
6838;0.39;149
6850;0.39;142
6863;0.39;147
6876;0.39;145
6888;0.39;141
6900;0.39;140
6913;0.39;139
6925;0.39;137
6938;0.39;135
6950;0.39;139
6963;0.39;136
6975;0.39;136
6987;0.39;137
7000;0.39;138
7012;0.39;137
7025;0.39;139
7037;0.39;138
7050;0.39;141
7062;0.75;140
7074;0.75;143
7087;0.75;146
7100;0.75;146
7112;0.75;149
7124;0.75;150
7137;0.75;152
7149;0.75;154
7161;0.75;155
7174;0.75;156
7187;0.75;157
7199;0.75;158
7212;0.75;158
7224;0.75;155
7236;0.75;158
7248;0.75;153
7262;0.75;152
7274;0.75;150
7286;0.75;151
7299;0.75;146
7311;0.39;148
7323;0.39;145
7336;0.39;144
7349;0.39;141
7361;0.39;141
7373;0.39;139
7386;0.39;135
7398;0.39;136
7410;0.39;131
7424;0.39;130
7436;0.39;128
7448;0.39;128
7460;0.39;130
7473;0.39;131
7485;0.39;132
7498;0.39;131
7511;0.39;133
7523;0.39;133
7535;0.39;137
7547;0.39;136
7560;0.75;137
7572;0.75;141
7585;0.75;144
7598;0.75;146
7610;0.75;146
7622;0.75;153
7634;0.75;152
7647;0.75;154
7660;0.75;156
7672;0.75;157
7686;0.75;158
7698;0.75;160
7710;0.75;158
7723;0.75;157
7735;0.75;156
7747;0.75;160
7760;0.75;156
7773;0.75;156
7785;0.75;156
7797;0.75;154
7810;0.39;149
7822;0.39;148
7834;0.39;147
7847;0.39;144
7860;0.39;141
7872;0.39;140
7884;0.39;141
7897;0.39;133
7909;0.39;134
7922;0.39;132
7934;0.39;130
7947;0.39;131
7959;0.39;133
7971;0.39;131
7984;0.39;131
7997;0.39;130
8009;0.39;135
8022;0.39;131
8034;0.39;135
8046;0.39;140
8058;0.75;141
8071;0.75;140
8084;0.75;145 
8096;0.75;147
8109;0.75;147
8121;0.75;150
8133;0.75;153
8145;0.75;154
8159;0.75;158
8171;0.75;156
8184;0.75;159
8197;0.75;160
8209;0.75;160
8221;0.75;160
8233;0.75;159
8246;0.75;161
8259;0.75;159
8271;0.75;159
8284;0.75;157
8297;0.75;155 
8309;0.39;152
8322;0.39;150
8334;0.39;148
8346;0.39;146
8358;0.39;145
8372;0.39;141
8384;0.39;139
8396;0.39;135
8409;0.39;134
8421;0.39;135
8433;0.39;133
8445;0.39;134
8459;0.39;130
8471;0.39;134
8483;0.39;132
8496;0.39;133
8508;0.39;132
8520;0.39;133
8532;0.39;135
8546;0.39;138
8558;0.39;138
8570;0.75;142
8583;0.75;145
8595;0.75;145
8607;0.75;149
8621;0.75;151
8633;0.75;153
8647;0.75;155
8659;0.75;155
8672;0.75;158
8684;0.75;160
8697;0.75;161
8710;0.75;164
8723;0.75;164
8735;0.75;164
8749;0.75;163
8761;0.75;164
8773;0.75;163
8786;0.75;162
8799;0.75;160
8812;0.39;157
8824;0.39;156
8837;0.39;154
8849;0.39;152
8861;0.39;153
8873;0.39;148
8887;0.39;146 
8899;0.39;147
8911;0.39;141
8924;0.39;143
8936;0.39;142
8948;0.39;139
8962;0.39;142
8974;0.39;142
8986;0.39;139
8998;0.39;141
9011;0.39;141
9023;0.39;142
9035;0.39;144
9049;0.39;144
9061;0.75;146
9073;0.75;145
9085;0.75;148
9098;0.75;152
9110;0.75;152
9123;0.75;157
9136;0.75;154
9148;0.75;159
9160;0.75;161
9172;0.75;164
9185;0.75;162
9198;0.75;162
9210;0.75;164
9224;0.75;163
9236;0.75;160
9249;0.75;164
9262;0.75;163
9275;0.75;161
9287;0.75;159
9300;0.75;159 
9313;0.39;157
9325;0.39;154
9337;0.39;151
9350;0.39;150
9362;0.39;150
9375;0.39;147
9388;0.39;146
9400;0.39;141
9412;0.39;138
9424;0.39;142
9437;0.39;137
9450;0.39;135
9462;0.39;137
9475;0.39;136
9487;0.39;138
9499;0.39;138
9511;0.39;137
9524;0.39;140
9537;0.39;140
9549;0.39;145
9562;0.75;139
9574;0.75;147
9586;0.75;147
9598;0.75;153
9612;0.75;150 
9624;0.75;153
9636;0.75;151
9649;0.75;156
9661;0.75;158
9673;0.75;158
9687;0.75;156
9699;0.75;160
9712;0.75;158
9724;0.75;158
9738;0.75;157
9750;0.75;159
9762;0.75;157
9775;0.75;154
9787;0.75;156
9799;0.75;153
9811;0.39;150
9825;0.39;148 
9837;0.39;148
9849;0.39;145
9862;0.39;143
9874;0.39;141
9886;0.39;143
9900;0.39;139
9912;0.39;137
9924;0.39;134
9936;0.39;134
9949;0.39;134
9961;0.39;138
9973;0.39;135
9987;0.39;136
9999;0.39;138
10011;0.39;135
10023;0.39;141
10036;0.39;140
10049;0.39;143
10061;0.75;142
10074;0.75;145
10086;0.75;147
10098;0.75;146
10112;0.75;151
10124;0.75;153
10136;0.75;152
10148;0.75;155
10162;0.75;156
10174;0.75;159
10186;0.75;156
10199;0.75;158
10211;0.75;158
10224;0.75;156
10236;0.75;158
10249;0.75;156
10261;0.75;156
10274;0.75;153
10287;0.75;155
10299;0.75;153
10311;0.39;151
10323;0.39;148
10337;0.39;147
10349;0.39;145
10361;0.39;142
10374;0.39;143
10387;0.39;142
10399;0.39;140
10412;0.39;138
10424;0.39;137
10436;0.39;137
10449;0.39;138
10462;0.39;135
10474;0.39;136
10486;0.39;134
10500;0.39;136
10512;0.39;139
10524;0.39;139
10536;0.39;141
10549;0.39;142
10562;0.75;143 
10574;0.75;145
10587;0.75;146
10599;0.75;150
10611;0.75;150
10625;0.75;152
10637;0.75;153
10649;0.75;155
10661;0.75;158
10675;0.75;158
10687;0.75;158
10699;0.75;158
10712;0.75;157
10724;0.75;158
10737;0.75;160
10749;0.75;157
10762;0.75;159
10774;0.75;155
10787;0.75;153
10800;0.75;152
10813;0.39;153
10825;0.39;149
10838;0.39;146
10850;0.39;144
10863;0.39;142
10875;0.39;139
10888;0.39;138
10900;0.39;136
10912;0.39;134
10926;0.39;136
10938;0.39;134
10950;0.39;132
10962;0.39;133
10976;0.39;135
10988;0.39;134
11000;0.39;136
11013;0.39;137
11025;0.39;137
11038;0.39;141
11051;0.39;138
11063;0.75;148
11075;0.75;144
11088;0.75;149
11101;0.75;149
11113;0.75;153
11125;0.75;155
11138;0.75;156
11151;0.75;158
11163;0.75;156
11175;0.75;161
11188;0.75;160
11201;0.75;160
11213;0.75;160
11227;0.75;161
11240;0.75;159
11252;0.75;159
11266;0.75;159
11278;0.75;155
11290;0.75;158
11302;0.75;152
11316;0.39;151
11328;0.39;150
11340;0.39;149
11353;0.39;148
11365;0.39;143
11378;0.39;141
11390;0.39;139
11403;0.39;138
11415;0.39;139
11428;0.39;135
11441;0.39;134
11453;0.39;135
11465;0.39;135
11478;0.39;139
11491;0.39;136
11503;0.39;138
11515;0.39;138
11528;0.39;141
11541;0.39;142
11553;0.39;143
11566;0.75;144
11578;0.75;144
11590;0.75;145
11603;0.75;151
11616;0.75;153
11628;0.75;150
11640;0.75;152
11654;0.75;157
11666;0.75;161
11678;0.75;161
11691;0.75;163
11703;0.75;159
11716;0.75;158
11728;0.75;159
11741;0.75;159
11753;0.75;158
11766;0.75;155
11779;0.75;152
11791;0.75;151
11803;0.75;153
11815;0.39;148
11829;0.39;145
11843;0.39;146
11855;0.39;142
11868;0.39;138
11881;0.39;136
11893;0.39;135
11906;0.39;136
11918;0.39;135
11930;0.39;131
11943;0.39;131
11956;0.39;130
11968;0.39;129
11980;0.39;130
11994;0.39;133
12006;0.39;134
12018;0.39;134
12030;0.39;135
12043;0.39;138
12056;0.39;137
12068;0.75;141
12081;0.75;140
12093;0.75;142
12106;0.75;147
12119;0.75;149
12131;0.75;150
12143;0.75;151
12155;0.75;159
12169;0.75;156
12181;0.75;157
12193;0.75;158
12206;0.75;159
12219;0.75;161
12231;0.75;154
12243;0.75;155
12256;0.75;158
12268;0.75;156
12281;0.75;154
12294;0.75;151
12306;0.75;152
12318;0.39;152
12332;0.39;147
12344;0.39;147
12356;0.39;142
12368;0.39;141
12381;0.39;138
12394;0.39;136
12406;0.39;136
12419;0.39;136
12431;0.39;129
12444;0.39;133
12456;0.39;131
12469;0.39;131
12481;0.39;131
12493;0.39;131
12507;0.39;132
12519;0.39;136
12531;0.39;137
12544;0.39;136
12557;0.39;139
12569;0.75;141
12581;0.75;141
12594;0.75;146
12606;0.75;147
12619;0.75;150
12632;0.75;149
12644;0.75;154
12656;0.75;155
12669;0.75;155
12682;0.75;159
12694;0.75;156
12706;0.75;162
12719;0.75;158
12732;0.75;159
12745;0.75;158
12758;0.75;159
12770;0.75;158
12782;0.75;157
12794;0.75;152
12808;0.75;152
12820;0.39;148
12832;0.39;148
12845;0.39;145
12858;0.39;145
12870;0.39;142
12882;0.39;136
12895;0.39;137
12907;0.39;136
12920;0.39;136
12933;0.39;131
12945;0.39;132
12957;0.39;131
12971;0.39;128
12983;0.39;130
12995;0.39;131
13007;0.39;133
13020;0.39;131
13033;0.39;135
13045;0.39;136
13058;0.39;136
13070;0.75;138
13083;0.75;140
13095;0.75;144
13108;0.75;144
13120;0.75;146
13132;0.75;151
13146;0.75;152
13158;0.75;154
13170;0.75;155
13182;0.75;155
13196;0.75;156
13208;0.75;158
13220;0.75;158
13233;0.75;160
13245;0.75;159
13258;0.75;156
13271;0.75;157
13283;0.75;154
13295;0.75;157
13308;0.75;155
13321;0.39;153
13333;0.39;150
13345;0.39;147
13358;0.39;142
13371;0.39;141
13383;0.39;141
13395;0.39;137
13408;0.39;136
13421;0.39;135
13433;0.39;135
13446;0.39;133
13458;0.39;133
13470;0.39;129
13484;0.39;133
13496;0.39;130
13508;0.39;133
13520;0.39;138
13534;0.39;135
13546;0.39;137
13558;0.75;141
13571;0.75;139
13583;0.75;147
13596;0.75;145
13608;0.75;149
13621;0.75;150
13633;0.75;152
13646;0.75;154
13659;0.75;154
13671;0.75;155
13683;0.75;156
13696;0.75;153
13709;0.75;154
13721;0.75;153
13733;0.75;153
13746;0.75;155
13759;0.75;151
13771;0.75;150
13784;0.75;150
13796;0.75;146
13808;0.39;145
13821;0.39;144
13834;0.39;144
13846;0.39;136
13858;0.39;134
13872;0.39;132
13884;0.39;127
13896;0.39;129
13908;0.39;125
13921;0.39;129
13934;0.39;126
13946;0.39;125
13959;0.39;124
13971;0.39;123
13984;0.39;120
13997;0.39;130
14009;0.39;128
14021;0.39;128
14033;0.39;131
14047;0.39;132
14059;0.75;133
14071;0.75;138
14084;0.75;139
14097;0.75;140
14109;0.75;144
14121;0.75;148
14134;0.75;147
14146;0.75;150
14159;0.75;151
14172;0.75;155
14184;0.75;154
14196;0.75;156
14209;0.75;157
14222;0.75;155
14234;0.75;155
14246;0.75;153
14259;0.75;153
14272;0.75;153
14284;0.75;152
14297;0.75;149
14309;0.39;150
14321;0.39;149 
14334;0.39;145
14347;0.39;141
14359;0.39;143
14371;0.39;138
14385;0.39;136
14397;0.39;134
14409;0.39;132
14422;0.39;132
14434;0.39;132
14447;0.39;131
14459;0.39;132
14472;0.39;129
14484;0.39;132
14497;0.39;132
14510;0.39;135
14522;0.39;135
14534;0.39;135
14546;0.39;140
14560;0.75;141
14572;0.75;142
14584;0.75;146
14597;0.75;145
14609;0.75;151
14622;0.75;151
14635;0.75;153
14647;0.75;153
14659;0.75;156
14672;0.75;156
14685;0.75;158
14697;0.75;158
14709;0.75;158
14722;0.75;157
14735;0.75;159
14747;0.75;156
14759;0.75;153
14772;0.75;153
14785;0.75;155
14797;0.75;149
14810;0.39;147
14822;0.39;146
14834;0.39;143
14848;0.39;143
14860;0.39;140
14872;0.39;138
14884;0.39;136
14898;0.39;133
14910;0.39;132
14922;0.39;132
14935;0.39;131
14947;0.39;131
14960;0.39;130
14972;0.39;131
14985;0.39;133
14997;0.39;132
15010;0.39;134
15023;0.39;134
15037;0.39;137
15049;0.39;138
15062;0.75;139
15075;0.75;139
15087;0.75;143
15099;0.75;146
15112;0.75;150
15125;0.75;153
15137;0.75;155
15150;0.75;154
15162;0.75;156
15174;0.75;156
15187;0.75;159
15200;0.75;155
15212;0.75;157
15224;0.75;158
15238;0.75;159
15250;0.75;160
15262;0.75;159
15275;0.75;156
15287;0.75;157
15300;0.75;154
15312;0.39;154
15325;0.39;151
15337;0.39;148
15350;0.39;147
15363;0.39;145
15375;0.39;144
15387;0.39;143
15399;0.39;138
15413;0.39;138
15425;0.39;139
15437;0.39;136
15450;0.39;135
15463;0.39;136
15475;0.39;138
15488;0.39;137
15500;0.39;137
15512;0.39;139
15525;0.39;141
15538;0.39;141
15550;0.39;146
15562;0.75;146 
15576;0.75;148
15588;0.75;151
15600;0.75;148
15612;0.75;154
15625;0.75;158
15638;0.75;156
15651;0.75;157
15664;0.75;160
15677;0.75;158
15689;0.75;160
15702;0.75;161
15714;0.75;162
15727;0.75;161
15739;0.75;157
15753;0.75;158
15765;0.75;156
15777;0.75;155
15790;0.75;155
15803;0.75;150
15815;0.39;148
15827;0.39;148
15840;0.39;145
15852;0.39;143
15865;0.39;139
15878;0.39;137
15890;0.39;134
15902;0.39;132 
15916;0.39;129
15928;0.39;131
15940;0.39;129
15952;0.39;129
15965;0.39;129
15978;0.39;128
15990;0.39;128
16003;0.39;128
16015;0.39;131
16028;0.39;132
16040;0.39;131
16053;0.39;135
16065;0.75;135
16077;0.75;139
16091;0.75;141
16103;0.75;145
16115;0.75;146
16128;0.75;147 
16141;0.75;153
16153;0.75;152
16165;0.75;155
16178;0.75;153
16190;0.75;154
16203;0.75;156
16216;0.75;154
16228;0.75;152
16240;0.75;155
16253;0.75;155
16266;0.75;154
16278;0.75;157
16290;0.75;151
16303;0.75;149
16316;0.39;148
16328;0.39;146
16340;0.39;142
16353;0.39;142 
16366;0.39;139
16378;0.39;138
16391;0.39;135
16403;0.39;134
16415;0.39;131
16429;0.39;134
16441;0.39;135
16453;0.39;130
16465;0.39;131
16479;0.39;130
16491;0.39;131
16503;0.39;131
16516;0.39;136
16528;0.39;137
16541;0.39;137
16553;0.39;139
16566;0.75;144
16578;0.75;142 
16591;0.75;145
16604;0.75;149
16616;0.75;148
16628;0.75;153
16641;0.75;153
16654;0.75;155
16666;0.75;156
16678;0.75;157
16691;0.75;157
16704;0.75;161
16716;0.75;159
16729;0.75;157
16741;0.75;157
16753;0.75;157
16766;0.75;156
16779;0.75;153
16791;0.75;154
16803;0.75;151 
16817;0.39;150
16829;0.39;147
16841;0.39;147
16854;0.39;144
16866;0.39;143
16879;0.39;137
16891;0.39;139
16904;0.39;134
16916;0.39;134
16929;0.39;133
16942;0.39;133
16954;0.39;132
16966;0.39;132
16978;0.39;132
16992;0.39;132
17004;0.39;134
17016;0.39;136
17029;0.39;138 
17042;0.39;141
17054;0.39;139
17067;0.75;139
17079;0.75;145
17091;0.75;147
17104;0.75;149
17117;0.75;150
17129;0.75;153
17141;0.75;157
17155;0.75;155
17167;0.75;160
17179;0.75;158
17191;0.75;161
17204;0.75;160
17217;0.75;160
17229;0.75;162
17242;0.75;161
17254;0.75;159 
17267;0.75;158
17280;0.75;160
17292;0.75;158
17304;0.75;152
17316;0.39;151
17330;0.39;154
17342;0.39;152
17354;0.39;150
17367;0.39;146
17380;0.39;146
17392;0.39;143
17404;0.39;140
17417;0.39;142
17429;0.39;139
17442;0.39;139
17455;0.39;138
17467;0.39;136
17479;0.39;141 
17492;0.39;136
17505;0.39;140
17517;0.39;142
17529;0.39;143
17542;0.39;145
17555;0.39;144
17567;0.75;146
17580;0.75;147
17592;0.75;149
17605;0.75;153
17617;0.75;153
17630;0.75;154
17642;0.75;155
17654;0.75;154
17668;0.75;157
17680;0.75;161
17692;0.75;160
17704;0.75;160 
17718;0.75;165
17730;0.75;160
17742;0.75;159
17755;0.75;158
17767;0.75;157
17780;0.75;155
17793;0.75;154
17805;0.75;153
17817;0.39;151
17830;0.39;148
17843;0.39;144
17855;0.39;144
17867;0.39;143
17880;0.39;141
17893;0.39;141
17905;0.39;139
17917;0.39;137
17930;0.39;135 
17943;0.39;134
17955;0.39;135
17968;0.39;135
17980;0.39;132
17992;0.39;133
18006;0.39;135
18018;0.39;134
18030;0.39;135
18042;0.39;137
18056;0.39;138
18068;0.75;143
18080;0.75;143
18093;0.75;148
18105;0.75;148
18118;0.75;149
18130;0.75;153
18143;0.75;157
18155;0.75;156
18168;0.75;160
18181;0.75;159
18193;0.75;160
18205;0.75;159
18217;0.75;159
18233;0.75;159
18246;0.75;162
18258;0.75;158
18271;0.75;158
18284;0.75;155
18296;0.75;154
18309;0.39;155
18322;0.39;151
18334;0.39;149
18347;0.39;146
18359;0.39;148
18371;0.39;145
18384;0.39;142
18397;0.39;143
18409;0.39;139
18421;0.39;139
18435;0.39;137
18447;0.39;138
18459;0.39;137
18471;0.39;137
18484;0.39;137
18497;0.39;141
18509;0.39;140
18522;0.39;143
18534;0.39;142
18546;0.39;144
18560;0.75;144
18572;0.75;145
18584;0.75;151
18596;0.75;152
18610;0.75;152
18622;0.75;155
18634;0.75;152
18647;0.75;155
18659;0.75;158
18672;0.75;155
18684;0.75;157
18697;0.75;158
18709;0.75;158
18722;0.75;161
18735;0.75;160
18748;0.75;158
18760;0.75;158
18772;0.75;155
18785;0.75;158
18798;0.75;153
18810;0.39;152
18823;0.39;150
18835;0.39;146
18847;0.39;148
18861;0.39;144
18873;0.39;142
18885;0.39;141
18897;0.39;139
18911;0.39;138
18923;0.39;139
18935;0.39;135
18948;0.39;131
18960;0.39;135
18973;0.39;135
18985;0.39;133
18998;0.39;132
19010;0.39;136
19022;0.39;138
19036;0.39;137
19048;0.39;139
19060;0.75;141
19073;0.75;144
19086;0.75;147
19098;0.75;147
19110;0.75;152
19123;0.75;152
19135;0.75;152
19148;0.75;152
19161;0.75;155
19173;0.75;157
19185;0.75;159
19198;0.75;159
19211;0.75;160
19223;0.75;159
19235;0.75;158
19248;0.75;161
19261;0.75;159
19273;0.75;159
19286;0.75;155
19298;0.75;153
19311;0.39;154
19323;0.39;153
19336;0.39;147
19348;0.39;150
19360;0.39;145
19374;0.39;146
19386;0.39;144
19398;0.39;143
19410;0.39;141
19424;0.39;141
19436;0.39;135
19448;0.39;136
19461;0.39;135
19473;0.39;134
19486;0.39;133
19499;0.39;135
19511;0.39;137
19523;0.39;137 
19535;0.39;141
19549;0.39;140
19561;0.75;140
19573;0.75;143
19586;0.75;146
19599;0.75;150
19611;0.75;150
19623;0.75;151
19636;0.75;153
19648;0.75;153
19661;0.75;155
19674;0.75;156
19686;0.75;161
19699;0.75;161
19712;0.75;162 
19724;0.75;164
19737;0.75;158
19749;0.75;160
19762;0.75;159
19774;0.75;157
19787;0.75;156
19800;0.75;155
19812;0.39;152
19824;0.39;152
19836;0.39;148
19850;0.39;147
19862;0.39;146
19874;0.39;142
19887;0.39;142
19900;0.39;139
19912;0.39;140
19924;0.39;135
19937;0.39;136
19949;0.39;137
19962;0.39;132
19975;0.39;135
19987;0.39;133
19999;0.39;136
20012;0.39;135
20025;0.39;136
20037;0.39;138
20049;0.39;138
20062;0.75;140
20075;0.75;141
20087;0.75;148
20100;0.75;147
20112;0.75;148
20124;0.75;151
20137;0.75;155
20150;0.75;158
20162;0.75;157
20174;0.75;155
20188;0.75;155
20200;0.75;158
20212;0.75;161
20225;0.75;157
20238;0.75;157
20250;0.75;158
20263;0.75;158
20276;0.75;154
20288;0.75;154
20300;0.75;153
20313;0.39;149
20326;0.39;149
20338;0.39;144
20350;0.39;143
20363;0.39;141
20376;0.39;139
20388;0.39;137
20401;0.39;135
20413;0.39;134
20425;0.39;132
20439;0.39;133
20451;0.39;128
20463;0.39;129
20475;0.39;130
20489;0.39;128
20501;0.39;133
20513;0.39;131
20526;0.39;131
20538;0.39;133
20551;0.39;132
20563;0.75;138
20576;0.75;139
20588;0.75;142
20601;0.75;145
20614;0.75;147
20626;0.75;147
20638;0.75;151
20651;0.75;153
20664;0.75;153
20676;0.75;157
20688;0.75;157
20702;0.75;156
20714;0.75;159
20726;0.75;158
20740;0.75;158
20753;0.75;158
20765;0.75;158
20779;0.75;155
20791;0.75;155
20803;0.75;152
20815;0.39;154
20829;0.39;148
20841;0.39;149
20853;0.39;144
20866;0.39;142
20878;0.39;142
20891;0.39;140
20903;0.39;136
20916;0.39;134
20928;0.39;132
20941;0.39;134
20954;0.39;135
20966;0.39;133
20978;0.39;134
20990;0.39;131
21004;0.39;135
21016;0.39;134
21028;0.39;135
21041;0.39;136
21053;0.39;139
21066;0.75;141
21079;0.75;142
21091;0.75;145
21103;0.75;148
21116;0.75;150
21129;0.75;153
21141;0.75;153
21153;0.75;154 
21166;0.75;157
21179;0.75;157
21191;0.75;158
21203;0.75;159
21216;0.75;155
21229;0.75;156
21241;0.75;156
21254;0.75;154
21266;0.75;153
21278;0.75;154
21292;0.75;151
21304;0.75;149
21316;0.39;151
21328;0.39;143
21342;0.39;145
21354;0.39;142
21366;0.39;138
21379;0.39;137 
21391;0.39;134
21404;0.39;135
21416;0.39;131
21431;0.39;133
21443;0.39;132
21456;0.39;130
21469;0.39;128
21481;0.39;131
21493;0.39;131 
21506;0.39;131
21519;0.39;132
21531;0.39;133
21543;0.39;138
21556;0.39;138
21569;0.75;139
21581;0.75;141
21594;0.75;147
21606;0.75;148
21618;0.75;150
21632;0.75;151
21644;0.75;154
21656;0.75;155
21668;0.75;154
21682;0.75;155
21694;0.75;159
21706;0.75;157
21719;0.75;160
21731;0.75;160
21744;0.75;156
21756;0.75;157
21769;0.75;160
21781;0.75;157
21794;0.75;159
21807;0.75;155
21819;0.39;154
21831;0.39;149
21843;0.39;151
21857;0.39;151
21869;0.39;145
21881;0.39;141
21894;0.39;144
21907;0.39;143
21919;0.39;140
21932;0.39;136
21944;0.39;137
21956;0.39;136
21969;0.39;135
21982;0.39;136
21994;0.39;134
22006;0.39;137
22020;0.39;135
22032;0.39;139
22044;0.39;138
22056;0.39;143
22069;0.75;141
22082;0.75;141
22094;0.75;144
22107;0.75;144
22119;0.75;148
22132;0.75;151
22145;0.75;154
22157;0.75;153
22169;0.75;155
22181;0.75;155
22195;0.75;159
22207;0.75;161
22219;0.75;159
22232;0.75;158
22245;0.75;160
22257;0.75;160
22270;0.75;154
22283;0.75;157
22295;0.75;155
22307;0.75;154
22321;0.39;153
22333;0.39;149
22345;0.39;150
22358;0.39;146
22370;0.39;143
22383;0.39;143
22395;0.39;140
22408;0.39;140
22420;0.39;137
22433;0.39;136
22446;0.39;136
22458;0.39;134
22470;0.39;132
22482;0.39;133
22496;0.39;134
22508;0.39;134
22520;0.39;134
22533;0.39;134
22545;0.39;138
22558;0.39;140
22571;0.75;143
22583;0.75;143
22595;0.75;145
22608;0.75;149
22621;0.75;149
22633;0.75;151
22645;0.75;149
22658;0.75;155
22671;0.75;156
22683;0.75;157
22695;0.75;158
22708;0.75;159
22721;0.75;159
22733;0.75;158
22746;0.75;160
22759;0.75;158
22771;0.75;158 
22784;0.75;155
22797;0.75;154
22809;0.39;152
22821;0.39;149
22834;0.39;146
22846;0.39;145
22859;0.39;145
22872;0.39;140
22884;0.39;138
22896;0.39;141
22909;0.39;134
22922;0.39;135
22934;0.39;137
22946;0.39;136
22959;0.39;133
22972;0.39;137
22984;0.39;135
22996;0.39;139 
23009;0.39;136
23022;0.39;140
23034;0.39;136
23047;0.39;144
23059;0.75;143
23071;0.75;146
23085;0.75;147
23097;0.75;152
23109;0.75;152
23121;0.75;154
23134;0.75;156
23147;0.75;159
23159;0.75;159
23172;0.75;159
23185;0.75;162
23197;0.75;161
23209;0.75;165
23223;0.75;163
23236;0.75;164
23248;0.75;159
23261;0.75;158
23274;0.75;158
23286;0.75;157
23299;0.75;159
23312;0.39;154
23324;0.39;150
23336;0.39;147
23349;0.39;145
23361;0.39;143
23374;0.39;143
23387;0.39;142
23399;0.39;141
23411;0.39;137
23425;0.39;137
23437;0.39;133
23449;0.39;136
23461;0.39;133
23474;0.39;135
23487;0.39;136
23499;0.39;131
23512;0.39;134
23524;0.39;137
23537;0.39;137
23549;0.39;140
23562;0.75;143
23574;0.75;144
23586;0.75;147
23600;0.75;150
23612;0.75;149
23624;0.75;151
23636;0.75;153
23650;0.75;156
23662;0.75;157
23674;0.75;155
23687;0.75;159
23699;0.75;159
23712;0.75;156
23725;0.75;157
23737;0.75;156
23749;0.75;155
23762;0.75;155
23775;0.75;154
23787;0.75;154
23799;0.75;152
23812;0.39;152
23825;0.39;148
23837;0.39;145
23849;0.39;145
23862;0.39;140
23875;0.39;137
23887;0.39;140
23900;0.39;140
23912;0.39;134
23924;0.39;133
23938;0.39;132
23950;0.39;130
23962;0.39;135
23974;0.39;133
23987;0.39;133
24000;0.39;131
24012;0.39;133
24025;0.39;129 
24037;0.39;136
24050;0.39;138
24062;0.75;140
24075;0.75;143
24087;0.75;142
24099;0.75;144
24113;0.75;147
24125;0.75;149
24137;0.75;149
24150;0.75;151
24163;0.75;156
24175;0.75;157
24187;0.75;158
24200;0.75;159
24212;0.75;158
24225;0.75;158
24239;0.75;161
24251;0.75;160
24263;0.75;159
24275;0.75;158
24288;0.75;152
24301;0.75;153
24314;0.39;149
24327;0.39;150
24339;0.39;148
24351;0.39;143
24364;0.39;145
24377;0.39;143
24389;0.39;140
24401;0.39;137 
24414;0.39;138
24427;0.39;134
24439;0.39;132
24452;0.39;133
24464;0.39;131
24476;0.39;132
24489;0.39;131
24502;0.39;130
24514;0.39;135
24526;0.39;133
24540;0.39;137
24552;0.39;138
24564;0.75;141
24577;0.75;146
24589;0.75;145
24602;0.75;145
24614;0.75;149
24629;0.75;151
24641;0.75;149
24654;0.75;153
24667;0.75;152
24679;0.75;155
24691;0.75;157
24704;0.75;157 
24717;0.75;156
24730;0.75;157
24742;0.75;156
24756;0.75;158
24768;0.75;155
24780;0.75;156
24793;0.75;153
24806;0.75;155
24818;0.39;152
24830;0.39;148
24843;0.39;143
24855;0.39;142
24868;0.39;141
24881;0.39;140
24893;0.39;140 
24905;0.39;135
24919;0.39;134
24931;0.39;134
24943;0.39;131
24955;0.39;132
24968;0.39;133
24981;0.39;131
24993;0.39;134
25006;0.39;134
25018;0.39;132
25031;0.39;132
25043;0.39;137
25056;0.39;138
25068;0.75;140
25080;0.75;139
25094;0.75;141
25106;0.75;144
25118;0.75;148 
25131;0.75;148
25144;0.75;152
25156;0.75;152
25168;0.75;152
25181;0.75;152
25193;0.75;153
25206;0.75;155
25219;0.75;153
25231;0.75;157
25243;0.75;157
25256;0.75;154
25269;0.75;154
25281;0.75;152
25293;0.75;152
25306;0.75;151
25319;0.39;149
25331;0.39;147
25344;0.39;145
25356;0.39;145
25369;0.39;140
25381;0.39;138
25394;0.39;137
25406;0.39;135
25418;0.39;134
25432;0.39;134
25444;0.39;128
25456;0.39;132
25468;0.39;129
25482;0.39;129
25494;0.39;132
25506;0.39;129
25519;0.39;133
25531;0.39;131
25544;0.39;132
25556;0.39;137
25569;0.75;139
25581;0.75;140
25594;0.75;143
25607;0.75;145
25619;0.75;146
25631;0.75;151
25644;0.75;149
25657;0.75;154
25669;0.75;154
25681;0.75;156
25694;0.75;157
25707;0.75;154
25719;0.75;157
25732;0.75;158
25744;0.75;155
25756;0.75;156
25769;0.75;154
25782;0.75;152
25794;0.75;153
25806;0.75;151
25819;0.39;148
25832;0.39;145
25844;0.39;139
25857;0.39;142
25869;0.39;140
25882;0.39;137
25894;0.39;137
25907;0.39;131
25919;0.39;131
25931;0.39;131
25945;0.39;130
25957;0.39;128
25969;0.39;126
25981;0.39;128
25995;0.39;130
26007;0.39;130
26019;0.39;132
26032;0.39;135
26044;0.39;135
26057;0.39;138
26070;0.75;139
26082;0.75;138
26094;0.75;145
26107;0.75;146
26120;0.75;149
26132;0.75;151
26144;0.75;153
26157;0.75;153
26170;0.75;153
26182;0.75;156
26194;0.75;155
26207;0.75;158
26219;0.75;157
26232;0.75;156
26246;0.75;158
26258;0.75;154
26270;0.75;159
26283;0.75;156
26295;0.75;155
26308;0.75;152
26320;0.39;150
26333;0.39;149
26345;0.39;148
26358;0.39;147
26371;0.39;147
26383;0.39;142
26395;0.39;139
26407;0.39;138
26421;0.39;136
26433;0.39;136
26445;0.39;135
26458;0.39;130
26471;0.39;132
26483;0.39;131
26496;0.39;131
26508;0.39;133
26520;0.39;131
26533;0.39;136
26546;0.39;135
26558;0.39;138
26570;0.75;139
26584;0.75;142
26596;0.75;146
26608;0.75;147
26620;0.75;148
26633;0.75;151
26646;0.75;150
26658;0.75;152
26671;0.75;156
26683;0.75;157
26696;0.75;157
26708;0.75;159
26721;0.75;158
26733;0.75;158
26745;0.75;158
26759;0.75;156
26771;0.75;156
26783;0.75;153
26796;0.75;156
26809;0.39;152
26821;0.39;152
26833;0.39;149
26846;0.39;147
26858;0.39;144
26871;0.39;145
26884;0.39;141
26896;0.39;140
26908;0.39;136
26921;0.39;136
26934;0.39;134
26946;0.39;136
26958;0.39;135
26971;0.39;134
26984;0.39;134
26996;0.39;139
27009;0.39;134
27021;0.39;136
27033;0.39;141
27046;0.39;141
27059;0.75;142
27071;0.75;147
27083;0.75;144
27097;0.75;148
27109;0.75;153
27121;0.75;152 
27133;0.75;153
27146;0.75;156
27159;0.75;156
27171;0.75;159
27184;0.75;157
27196;0.75;163
27209;0.75;158
27222;0.75;159
27234;0.75;158
27246;0.75;156
27258;0.75;157
27272;0.75;156
27284;0.75;152
27296;0.75;152
27309;0.39;151
27322;0.39;147
27334;0.39;148
27346;0.39;144 
27359;0.39;140
27371;0.39;140
27384;0.39;136
27397;0.39;136
27409;0.39;135
27421;0.39;133
27435;0.39;135
27447;0.39;136
27459;0.39;131
27471;0.39;132
27484;0.39;130
27497;0.39;132
27509;0.39;136
27522;0.39;136
27534;0.39;136
27546;0.39;140
27559;0.75;139
27572;0.75;144
27584;0.75;142
27596;0.75;147
27610;0.75;148
27622;0.75;147
27634;0.75;153
27646;0.75;157
27659;0.75;156
27672;0.75;155
27684;0.75;157
27697;0.75;157
27710;0.75;158
27722;0.75;157
27736;0.75;158
27748;0.75;158
27761;0.75;158
27773;0.75;158
27786;0.75;155
27798;0.75;150
27810;0.39;151
27826;0.39;146
27838;0.39;142
27850;0.39;140
27863;0.39;138
27876;0.39;136
27888;0.39;136
27900;0.39;136
27913;0.39;134
27925;0.39;132
27938;0.39;131
27951;0.39;129
27963;0.39;133
27975;0.39;130
27988;0.39;131
28001;0.39;134
28013;0.39;134
28025;0.39;133
28038;0.39;136
28051;0.39;140
28063;0.75;140
28076;0.75;141
28088;0.75;147
28101;0.75;148
28113;0.75;149
28126;0.75;150
28138;0.75;153
28150;0.75;155
28164;0.75;153
28176;0.75;155
28188;0.75;158
28200;0.75;161
28214;0.75;159
28226;0.75;160
28238;0.75;157
28251;0.75;158
28263;0.75;159
28276;0.75;153
28289;0.75;154
28301;0.75;154
28313;0.39;153
28326;0.39;149
28339;0.39;146
28351;0.39;144
28363;0.39;141
28376;0.39;140
28389;0.39;138
28401;0.39;139
28413;0.39;133
28426;0.39;136
28439;0.39;133
28451;0.39;132
28464;0.39;132
28476;0.39;133
28488;0.39;132
28502;0.39;130
28514;0.39;131
28526;0.39;134
28538;0.39;135
28551;0.39;137
28564;0.75;140
28576;0.75;140
28589;0.75;143
28601;0.75;145
28614;0.75;148
28626;0.75;148
28639;0.75;150
28651;0.75;151
28663;0.75;153
28677;0.75;157
28689;0.75;157
28701;0.75;157
28713;0.75;160
28727;0.75;159
28739;0.75;160
28751;0.75;157
28765;0.75;160
28777;0.75;157
28789;0.75;156
28803;0.75;155
28815;0.39;151
28827;0.39;152
28839;0.39;147
28852;0.39;147
28865;0.39;144
28877;0.39;141
28890;0.39;142
28902;0.39;138
28915;0.39;139
28928;0.39;134
28940;0.39;138
28952;0.39;137
28964;0.39;138
28978;0.39;134
28990;0.39;138
29002;0.39;136
29015;0.39;140
29028;0.39;139
29040;0.39;140
29052;0.39;142
29065;0.75;140
29077;0.75;144
29090;0.75;148
29103;0.75;150
29115;0.75;149
29127;0.75;152
29140;0.75;155
29153;0.75;153
29165;0.75;157
29177;0.75;157
29190;0.75;156
29203;0.75;157
29215;0.75;160
29228;0.75;161
29240;0.75;157
29253;0.75;157
29265;0.75;159
29278;0.75;157
29290;0.75;153
29302;0.75;154
29316;0.39;151
29328;0.39;150
29340;0.39;146
29352;0.39;146
29366;0.39;141
29378;0.39;140
29390;0.39;137
29403;0.39;137
29415;0.39;133
29428;0.39;129
29441;0.39;135
29453;0.39;133
29465;0.39;130
29478;0.39;131
29491;0.39;129
29503;0.39;135
29515;0.39;132
29528;0.39;134
29541;0.39;139
29553;0.39;138
29565;0.75;140
29578;0.75;141
29591;0.75;144
29603;0.75;147
29616;0.75;149
29628;0.75;149
29640;0.75;150
29654;0.75;152
29666;0.75;155
29678;0.75;156
29690;0.75;154
29704;0.75;154
29716;0.75;154
29728;0.75;153
29741;0.75;151
29753;0.75;152
29766;0.75;151
29779;0.75;150
29792;0.75;151
29804;0.75;149
29816;0.39;146
29829;0.39;145
29842;0.39;142
29854;0.39;140
29867;0.39;140
29879;0.39;137
29892;0.39;135
29904;0.39;133
29917;0.39;131
29929;0.39;132
29941;0.39;129
29955;0.39;129
29967;0.39;127
29979;0.39;130
29991;0.39;129
30005;0.39;127
30017;0.39;127
30029;0.39;132
30042;0.39;132
30054;0.39;132
30067;0.75;136
30080;0.75;141
30092;0.75;142
30104;0.75;144
30117;0.75;143
30130;0.75;149
30142;0.75;145
30154;0.75;151
30167;0.75;155
30180;0.75;156
30192;0.75;155
30204;0.75;157
30217;0.75;155
30230;0.75;155
30242;0.75;153
30255;0.75;153
30267;0.75;154
30279;0.75;153
30292;0.75;152
30305;0.75;146
30317;0.39;147
30329;0.39;148
30343;0.39;142
30355;0.39;143
30367;0.39;140
30380;0.39;140
30392;0.39;138
30405;0.39;132
30417;0.39;131
30430;0.39;132
30442;0.39;133
30455;0.39;130
30468;0.39;128
30480;0.39;128
30492;0.39;128
30504;0.39;130
30518;0.39;133
30530;0.39;132
30542;0.39;129
30555;0.39;138
30568;0.75;139
30580;0.75;142
30593;0.75;144
30605;0.75;146
30617;0.75;147
30630;0.75;150
30643;0.75;153
30655;0.75;153
30667;0.75;157
30681;0.75;157
30693;0.75;158
30706;0.75;157
30720;0.75;158
30732;0.75;158
30744;0.75;156
30756;0.75;160
30769;0.75;154
30782;0.75;154
30795;0.75;151
30808;0.75;152
30820;0.39;148
30832;0.39;149
30844;0.39;144
30858;0.39;144
30870;0.39;142
30882;0.39;142
30895;0.39;137
30908;0.39;136
30920;0.39;136
30932;0.39;133
30945;0.39;135
30957;0.39;131
30970;0.39;135
30983;0.39;133
30995;0.39;131
31007;0.39;132
31022;0.39;134
31035;0.39;137
31047;0.39;138
31059;0.75;139
31072;0.75;140
31085;0.75;142
31097;0.75;148
31110;0.75;147
31122;0.75;149
31134;0.75;152
31148;0.75;153
31160;0.75;154 
31172;0.75;156
31184;0.75;154
31198;0.75;156
31210;0.75;157
31222;0.75;155
31236;0.75;155
31248;0.75;155
31260;0.75;155
31273;0.75;151
31286;0.75;151
31298;0.75;151
31310;0.39;148
31323;0.39;146
31336;0.39;141
31348;0.39;143 
31361;0.39;141
31373;0.39;135
31386;0.39;136
31398;0.39;134
31411;0.39;133
31423;0.39;133
31435;0.39;132
31449;0.39;128
31461;0.39;131
31473;0.39;131
31485;0.39;128
31499;0.39;132
31511;0.39;132
31523;0.39;130
31536;0.39;135
31548;0.39;137
31561;0.75;137
31574;0.75;143
31586;0.75;143
31598;0.75;148
31610;0.75;148
31624;0.75;151
31636;0.75;152
31648;0.75;154
31661;0.75;156
31674;0.75;155
31686;0.75;156
31698;0.75;160
31711;0.75;160
31723;0.75;156
31736;0.75;161
31750;0.75;156
31762;0.75;153
31774;0.75;156
31787;0.75;153
31799;0.75;152
31812;0.39;149
31824;0.39;149
31837;0.39;146
31849;0.39;142
31862;0.39;140
31875;0.39;140
31887;0.39;140
31899;0.39;135
31911;0.39;132
31925;0.39;135
31937;0.39;133
31949;0.39;132
31962;0.39;131
31975;0.39;131
31987;0.39;131
32000;0.39;129
32012;0.39;134
32024;0.39;135
32037;0.39;137
32050;0.39;137
32062;0.75;142
32074;0.75;141
32088;0.75;145
32100;0.75;145
32112;0.75;146
32124;0.75;150
32137;0.75;153
32150;0.75;155
32162;0.75;155
32175;0.75;156
32188;0.75;158
32201;0.75;157
32214;0.75;160
32226;0.75;159
32239;0.75;158
32251;0.75;159
32264;0.75;156
32276;0.75;157
32288;0.75;156
32302;0.75;153
32314;0.39;152
32326;0.39;147
32338;0.39;147
32352;0.39;146
32364;0.39;146
32376;0.39;140
32389;0.39;142
32401;0.39;137
32414;0.39;136
32427;0.39;137
32439;0.39;135
32451;0.39;133
32464;0.39;133
32477;0.39;132
32489;0.39;135
32501;0.39;133
32514;0.39;134
32527;0.39;135
32539;0.39;136
32551;0.39;139
32564;0.75;141
32577;0.75;144
32589;0.75;142
32602;0.75;148
32614;0.75;149
32626;0.75;149
32640;0.75;153
32652;0.75;154
32664;0.75;151
32676;0.75;160
32690;0.75;158
32702;0.75;161
32714;0.75;159
32727;0.75;157
32739;0.75;160
32752;0.75;157
32764;0.75;157
32777;0.75;157
32789;0.75;156
32802;0.75;155
32815;0.39;153
32827;0.39;147
32839;0.39;149
32851;0.39;147
32865;0.39;144
32877;0.39;142
32889;0.39;139
32902;0.39;138
32915;0.39;136
32927;0.39;137
32940;0.39;136
32952;0.39;129
32964;0.39;134
32977;0.39;135
32990;0.39;133
33002;0.39;129
33014;0.39;135
33028;0.39;134
33040;0.39;135
33052;0.39;137
33064;0.75;137
33077;0.75;143
33090;0.75;144
33102;0.75;146
33115;0.75;148
33127;0.75;149
33140;0.75;152
33153;0.75;154
33165;0.75;155
33177;0.75;157
33189;0.75;157
33203;0.75;159
33216;0.75;162
33228;0.75;159 
33241;0.75;160
33253;0.75;157
33265;0.75;159
33278;0.75;155
33291;0.75;154
33303;0.75;154
33315;0.39;153
33329;0.39;149
33341;0.39;146
33353;0.39;145
33366;0.39;145
33378;0.39;140
33391;0.39;140
33403;0.39;138
33416;0.39;134
33428;0.39;136
33441;0.39;135
33454;0.39;135 
33466;0.39;131
33478;0.39;131
33490;0.39;135
33504;0.39;136
33516;0.39;133
33528;0.39;136
33541;0.39;137
33554;0.39;137
33566;0.75;137
33579;0.75;141
33591;0.75;144
33603;0.75;146
33616;0.75;149
33629;0.75;152
33641;0.75;151
33653;0.75;153
33667;0.75;156
33679;0.75;153 
33691;0.75;155
33703;0.75;157
33716;0.75;158
33729;0.75;160
33741;0.75;161
33754;0.75;158
33766;0.75;158
33779;0.75;158
33792;0.75;155
33804;0.75;152
33816;0.39;153
33828;0.39;153
33842;0.39;148
33854;0.39;148
33866;0.39;144
33879;0.39;143
33892;0.39;143
33904;0.39;136
33916;0.39;136
33929;0.39;133
33941;0.39;135
33954;0.39;132
33967;0.39;133
33979;0.39;132
33991;0.39;134
34003;0.39;134
34017;0.39;133
34029;0.39;136
34041;0.39;139
34054;0.39;138
34067;0.75;140
34079;0.75;144
34092;0.75;143
34104;0.75;145
34116;0.75;152
34129;0.75;148
34142;0.75;150
34154;0.75;156
34166;0.75;153
34180;0.75;156
34192;0.75;156
34204;0.75;157
34220;0.75;159
34232;0.75;158
34244;0.75;156
34257;0.75;158
34270;0.75;156
34282;0.75;151
34294;0.75;153
34307;0.75;151
34320;0.39;151
34332;0.39;147
34344;0.39;145
34357;0.39;144
34370;0.39;138
34382;0.39;139
34395;0.39;140
34407;0.39;136
34419;0.39;134
34433;0.39;133
34445;0.39;128
34457;0.39;130
34469;0.39;128
34483;0.39;130
34495;0.39;127
34507;0.39;130
34520;0.39;129
34532;0.39;130
34545;0.39;132
34557;0.39;134
34570;0.75;136
34582;0.75;137
34595;0.75;138
34608;0.75;142
34620;0.75;144
34632;0.75;145
34644;0.75;148
34658;0.75;153
34670;0.75;150
34682;0.75;154
34695;0.75;153
34708;0.75;153
34720;0.75;152
34733;0.75;155
34745;0.75;155
34757;0.75;154
34770;0.75;154
34783;0.75;153
34795;0.75;148
34807;0.75;148
34821;0.39;146
34833;0.39;143
34845;0.39;142
34857;0.39;142
34870;0.39;140
34883;0.39;137
34895;0.39;135
34908;0.39;134
34920;0.39;131
34933;0.39;127
34946;0.39;130
34958;0.39;130
34970;0.39;127
34982;0.39;128
34996;0.39;129
35008;0.39;129
35020;0.39;128
35033;0.39;131
35045;0.39;132
35058;0.39;134
35070;0.75;136
35083;0.75;136
35095;0.75;138
35108;0.75;142
35121;0.75;145 
35133;0.75;146
35145;0.75;146
35158;0.75;148
35171;0.75;150
35183;0.75;153
35195;0.75;153
35208;0.75;152
35221;0.75;156
35233;0.75;154
35246;0.75;151
35258;0.75;153
35270;0.75;152
35283;0.75;149
35296;0.75;152
35308;0.39;149
35320;0.39;144
35334;0.39;142
35346;0.39;141 
35358;0.39;139
35371;0.39;137
35383;0.39;139
35396;0.39;135
35408;0.39;130
35421;0.39;131
35433;0.39;132
35446;0.39;132
35459;0.39;130
35471;0.39;133
35483;0.39;133
35495;0.39;132
35509;0.39;131
35521;0.39;131
35533;0.39;134
35546;0.39;135
35559;0.75;137
35571;0.75;136 
35584;0.75;140
35596;0.75;144
35608;0.75;145
35621;0.75;147
35634;0.75;150
35646;0.75;151
35658;0.75;152
35672;0.75;153
35684;0.75;153
35696;0.75;156
35708;0.75;154
35721;0.75;151
35734;0.75;154
35746;0.75;148
35759;0.75;150
35771;0.75;149
35784;0.75;148
35796;0.75;147
35809;0.39;142
35821;0.39;140
35833;0.39;137
35847;0.39;134
35859;0.39;135
35871;0.39;133
35884;0.39;130
35897;0.39;125
35909;0.39;129
35921;0.39;129
35934;0.39;127
35946;0.39;124
35959;0.39;125
35972;0.39;123
35984;0.39;123
35996;0.39;126
36009;0.39;127
36022;0.39;128 
36034;0.39;129
36046;0.39;131
36059;0.75;133
36072;0.75;136
36084;0.75;135
36097;0.75;140
36109;0.75;143
36121;0.75;140
36134;0.75;146
36147;0.75;147
36159;0.75;149
36171;0.75;151
36185;0.75;151
36197;0.75;151
36209;0.75;156
36221;0.75;154
36234;0.75;157
36247;0.75;152
36259;0.75;151
36272;0.75;150
36284;0.75;150
36297;0.75;147
36310;0.39;148
36322;0.39;147
36334;0.39;143
36346;0.39;141
36360;0.39;135
36372;0.39;136
36384;0.39;133
36397;0.39;130
36410;0.39;131
36422;0.39;130
36434;0.39;128
36447;0.39;129
36459;0.39;126
36472;0.39;129
36485;0.39;126
36497;0.39;129
36509;0.39;127
36521;0.39;129
36535;0.39;132
36547;0.39;131
36559;0.75;131
36572;0.75;136
36585;0.75;137
36597;0.75;140
36610;0.75;139
36622;0.75;144
36634;0.75;146
36647;0.75;148
36660;0.75;150
36672;0.75;149
36684;0.75;150
36698;0.75;153
36710;0.75;157
36722;0.75;154
36734;0.75;153
36747;0.75;150
36760;0.75;149
36772;0.75;150
36785;0.75;148
36797;0.75;145
36810;0.39;146
36823;0.39;143
36835;0.39;140
36847;0.39;136
36859;0.39;136
36873;0.39;137
36885;0.39;128
36897;0.39;127
36910;0.39;127
36923;0.39;124
36935;0.39;125
36947;0.39;123
36960;0.39;125
36972;0.39;123
36985;0.39;127
36998;0.39;126
37010;0.39;121
37022;0.39;127
37035;0.39;128
37048;0.39;130
37060;0.75;132
37072;0.75;134
37085;0.75;138
37098;0.75;139
37110;0.75;140
37123;0.75;144
37135;0.75;146
37147;0.75;148
37160;0.75;147 
37173;0.75;149
37185;0.75;150
37197;0.75;152
37211;0.75;154
37223;0.75;152
37235;0.75;150
37248;0.75;151
37260;0.75;151
37273;0.75;149
37285;0.75;149
37298;0.75;145
37310;0.39;145
37323;0.39;142
37336;0.39;143
37348;0.39;137
37360;0.39;132
37372;0.39;134
37386;0.39;129 
37398;0.39;128
37412;0.39;131
37425;0.39;126
37438;0.39;123
37450;0.39;122
37463;0.39;122
37475;0.39;124
37487;0.39;129
37500;0.39;128 
37513;0.39;125
37525;0.39;124
37537;0.39;129
37551;0.39;130
37563;0.75;132
37575;0.75;133
37587;0.75;133
37600;0.75;140
37613;0.75;139
37625;0.75;143
37638;0.75;146
37650;0.75;146
37663;0.75;149
37676;0.75;149
37688;0.75;151
37700;0.75;152
37712;0.75;152
37726;0.75;153 
37738;0.75;154
37750;0.75;153
37763;0.75;149
37776;0.75;149
37788;0.75;149
37800;0.75;145
37813;0.39;145
37825;0.39;142
37838;0.39;140
37851;0.39;135
37863;0.39;136
37875;0.39;133
37889;0.39;129
37901;0.39;129
37913;0.39;128
37925;0.39;125
37938;0.39;128
37951;0.39;126 
37963;0.39;125
37976;0.39;125
37988;0.39;127
38001;0.39;125
38013;0.39;128
38026;0.39;129
38038;0.39;130
38050;0.39;130
38064;0.75;134
38076;0.75;136
38088;0.75;137
38100;0.75;139
38114;0.75;141
38126;0.75;142
38138;0.75;146
38151;0.75;148
38163;0.75;150
38176;0.75;152 
38189;0.75;150
38201;0.75;152
38213;0.75;150
38226;0.75;149
38239;0.75;150
38251;0.75;152
38263;0.75;151
38276;0.75;148
38289;0.75;150
38301;0.75;146
38313;0.39;144
38326;0.39;142
38339;0.39;140
38351;0.39;136
38364;0.39;136
38376;0.39;131
38388;0.39;128
38402;0.39;127 
38414;0.39;127
38426;0.39;125
38438;0.39;122
38452;0.39;123
38464;0.39;122
38476;0.39;121
38489;0.39;123
38501;0.39;125
38514;0.39;127
38526;0.39;126
38539;0.39;131
38551;0.39;131
38564;0.75;130
38577;0.75;137
38589;0.75;136
38601;0.75;141
38614;0.75;138
38627;0.75;141 
38639;0.75;141
38651;0.75;145
38664;0.75;143
38677;0.75;144
38689;0.75;146
38702;0.75;149
38714;0.75;147
38726;0.75;146
38739;0.75;149
38752;0.75;149
38764;0.75;146
38776;0.75;147
38790;0.75;144
38802;0.75;144
38814;0.39;141
38827;0.39;138
38839;0.39;138
38852;0.39;136 
38864;0.39;130
38877;0.39;130
38889;0.39;127
38902;0.39;128
38915;0.39;126
38927;0.39;123
38939;0.39;124
38951;0.39;123
38965;0.39;121
38977;0.39;123
38989;0.39;123
39002;0.39;126
39015;0.39;124
39027;0.39;128
39040;0.39;128
39052;0.39;132
39064;0.75;135
39077;0.75;135
39090;0.75;137
39102;0.75;139
39114;0.75;142
39128;0.75;144
39140;0.75;148
39152;0.75;146
39164;0.75;151
39177;0.75;148
39190;0.75;149
39202;0.75;152
39215;0.75;151
39227;0.75;150
39240;0.75;151
39252;0.75;148
39265;0.75;149
39277;0.75;150
39289;0.75;148
39303;0.75;143
39315;0.39;141
39327;0.39;144
39340;0.39;138
39353;0.39;136
39365;0.39;136
39377;0.39;134
39390;0.39;132
39402;0.39;129
39415;0.39;127
39428;0.39;128
39440;0.39;126
39452;0.39;123
39465;0.39;125
39478;0.39;124
39490;0.39;125
39502;0.39;128
39515;0.39;127
39528;0.39;128
39540;0.39;130
39553;0.39;132
39565;0.75;133
39577;0.75;135
39590;0.75;139
39603;0.75;145
39615;0.75;144
39627;0.75;145
39641;0.75;149
39653;0.75;151
39665;0.75;151
39677;0.75;152
39690;0.75;153
39703;0.75;151
39715;0.75;154
39728;0.75;153
39740;0.75;156
39753;0.75;151 
39766;0.75;154
39778;0.75;150
39790;0.75;149
39802;0.75;149
39816;0.39;147
39828;0.39;148
39840;0.39;142
39853;0.39;142
39866;0.39;137
39878;0.39;139
39890;0.39;134
39903;0.39;131
39915;0.39;135
39928;0.39;131
39941;0.39;132
39953;0.39;129
39965;0.39;128
39979;0.39;129 
39991;0.39;127
40003;0.39;132
40015;0.39;132
40028;0.39;133
40041;0.39;132
40053;0.39;133
40066;0.75;138
40078;0.75;136
40091;0.75;142
40103;0.75;146
40116;0.75;147
40128;0.75;151
40140;0.75;147
40154;0.75;149
40166;0.75;152
40178;0.75;154
40190;0.75;155
40204;0.75;154 
40216;0.75;154
40228;0.75;157
40241;0.75;157
40253;0.75;154
40266;0.75;154
40279;0.75;156
40291;0.75;151
40303;0.75;153
40316;0.39;151
40329;0.39;148
40341;0.39;145
40353;0.39;139
40366;0.39;139
40379;0.39;137
40391;0.39;135
40403;0.39;135
40416;0.39;134
40429;0.39;134 
40441;0.39;133
40454;0.39;131
40466;0.39;128
40478;0.39;127
40492;0.39;129
40504;0.39;128
40516;0.39;130
40528;0.39;133
40541;0.39;133
40554;0.39;136
40566;0.75;137
40579;0.75;139
40591;0.75;140
40606;0.75;144
40619;0.75;145
40631;0.75;148
40643;0.75;151
40655;0.75;150
40669;0.75;151
40681;0.75;153
40693;0.75;154
40706;0.75;152
40719;0.75;154
40731;0.75;156
40743;0.75;155
40756;0.75;153
40768;0.75;152
40781;0.75;151
40794;0.75;148
40806;0.75;148
40818;0.39;146
40832;0.39;143
40844;0.39;143
40856;0.39;142
40868;0.39;136
40881;0.39;134
40894;0.39;136
40906;0.39;128
40919;0.39;130
40931;0.39;129
40944;0.39;129
40956;0.39;127
40969;0.39;131
40981;0.39;129
40993;0.39;124
41007;0.39;129
41019;0.39;129
41031;0.39;132
41043;0.39;131
41057;0.39;133
41069;0.75;135
41081;0.75;136
41094;0.75;141
41106;0.75;140
41119;0.75;144
41132;0.75;145
41144;0.75;148
41156;0.75;148
41169;0.75;151
41182;0.75;154
41194;0.75;152
41206;0.75;153
41219;0.75;155
41232;0.75;154
41244;0.75;156
41256;0.75;158
41269;0.75;154
41282;0.75;152
41294;0.75;149
41307;0.75;152
41319;0.39;149
41331;0.39;146
41345;0.39;143
41357;0.39;141
41369;0.39;137
41381;0.39;134
41395;0.39;135
41407;0.39;135
41419;0.39;134
41432;0.39;132
41444;0.39;129
41457;0.39;126 
41469;0.39;129
41482;0.39;130
41494;0.39;129
41506;0.39;129
41520;0.39;130
41532;0.39;134
41544;0.39;133
41556;0.39;136
41570;0.75;135
41582;0.75;141
41594;0.75;138
41607;0.75;144
41619;0.75;146
41632;0.75;149
41645;0.75;148
41657;0.75;150
41669;0.75;154
41682;0.75;153 
41695;0.75;158
41707;0.75;155
41719;0.75;155
41732;0.75;158
41745;0.75;156
41757;0.75;161
41769;0.75;157
41782;0.75;153
41795;0.75;150
41807;0.75;155
41820;0.39;151
41832;0.39;149
41844;0.39;146
41858;0.39;144
41870;0.39;142
41882;0.39;142
41894;0.39;135
41908;0.39;137 
41920;0.39;134
41932;0.39;135
41945;0.39;130
41957;0.39;126
41970;0.39;132
41982;0.39;130
41995;0.39;130
42007;0.39;132
42020;0.39;132
42033;0.39;132
42045;0.39;134
42057;0.39;135
42070;0.75;140
42083;0.75;137
42095;0.75;141
42107;0.75;142
42120;0.75;144
42133;0.75;148 
42145;0.75;147
42158;0.75;153
42170;0.75;151
42182;0.75;151
42195;0.75;151
42208;0.75;153
42220;0.75;152
42232;0.75;156
42246;0.75;155
42258;0.75;156
42270;0.75;152
42283;0.75;155
42295;0.75;153
42308;0.75;152
42320;0.39;150
42333;0.39;146
42345;0.39;146
42358;0.39;141
42371;0.39;140
42383;0.39;142
42395;0.39;142
42407;0.39;137
42421;0.39;135
42433;0.39;134
42445;0.39;130
42458;0.39;132
42471;0.39;134
42483;0.39;129
42496;0.39;131
42508;0.39;130
42520;0.39;132
42533;0.39;131
42546;0.39;134
42558;0.39;134
42570;0.75;137
42583;0.75;140
42596;0.75;140
42608;0.75;142
42620;0.75;146
42633;0.75;147
42646;0.75;150
42658;0.75;149
42671;0.75;153
42683;0.75;154
42695;0.75;156
42708;0.75;154
42721;0.75;154
42733;0.75;152
42745;0.75;153
42759;0.75;153
42771;0.75;150
42783;0.75;153
42796;0.75;146
42808;0.39;148
42821;0.39;146
42833;0.39;144
42846;0.39;142
42858;0.39;138
42871;0.39;138
42884;0.39;137
42896;0.39;132
42908;0.39;133
42920;0.39;133
42934;0.39;133
42946;0.39;127
42958;0.39;129
42971;0.39;128
42983;0.39;129
42996;0.39;128
43009;0.39;132
43021;0.39;132
43033;0.39;135
43046;0.39;133
43059;0.75;137
43071;0.75;139
43083;0.75;140
43096;0.75;144
43109;0.75;146
43121;0.75;150
43133;0.75;149
43146;0.75;150
43159;0.75;151
43171;0.75;153
43184;0.75;155
43196;0.75;152
43208;0.75;154
43222;0.75;155
43234;0.75;152
43246;0.75;154
43258;0.75;152
43272;0.75;153
43284;0.75;152
43296;0.75;150
43309;0.39;148
43321;0.39;147
43334;0.39;147
43346;0.39;143
43359;0.39;139
43371;0.39;138
43384;0.39;133
43397;0.39;135
43409;0.39;132
43421;0.39;127
43433;0.39;132
43447;0.39;131
43459;0.39;127
43471;0.39;129
43484;0.39;127
43497;0.39;128
43509;0.39;124
43522;0.39;127
43534;0.39;130
43546;0.39;136
43559;0.75;135
43572;0.75;136
43584;0.75;137
43596;0.75;141
43610;0.75;142
43622;0.75;146
43634;0.75;147
43646;0.75;147
43659;0.75;153
43672;0.75;148
43684;0.75;153
43697;0.75;153
43709;0.75;152
43722;0.75;151
43735;0.75;151
43747;0.75;152
43759;0.75;149
43771;0.75;148
43785;0.75;147
43799;0.75;145
43811;0.39;148
43824;0.39;141
43837;0.39;140
43849;0.39;135
43862;0.39;136
43874;0.39;129
43886;0.39;130
43899;0.39;129
43912;0.39;127
43924;0.39;125
43936;0.39;124
43949;0.39;123
43962;0.39;123
43974;0.39;121
43986;0.39;123
43999;0.39;122
44012;0.39;121
44024;0.39;124
44037;0.39;123
44049;0.39;126
44061;0.75;130 
44075;0.75;129
44087;0.75;132
44099;0.75;135
44111;0.75;138
44125;0.75;140
44137;0.75;142
44149;0.75;144
44162;0.75;147
44174;0.75;148
44187;0.75;150
44199;0.75;150
44212;0.75;149
44224;0.75;148
44237;0.75;151
44250;0.75;149
44262;0.75;147
44274;0.75;147
44286;0.75;145 
44300;0.75;143
44312;0.39;140
44324;0.39;140
44337;0.39;138
44350;0.39;135
44362;0.39;135
44375;0.39;130
44387;0.39;129
44399;0.39;127
44412;0.39;127
44425;0.39;127
44437;0.39;125
44449;0.39;122
44462;0.39;121
44475;0.39;120
44487;0.39;122
44499;0.39;123
44512;0.39;122
44525;0.39;127
44537;0.39;127
44550;0.39;127
44562;0.75;131
44574;0.75;133
44588;0.75;135
44600;0.75;138
44612;0.75;141
44624;0.75;141
44637;0.75;144
44650;0.75;143
44662;0.75;150
44675;0.75;148
44687;0.75;151
44700;0.75;150
44712;0.75;150
44725;0.75;152
44737;0.75;151
44749;0.75;153 
44763;0.75;151
44775;0.75;149
44787;0.75;147
44800;0.75;146
44813;0.39;140
44825;0.39;142
44837;0.39;140
44850;0.39;137
44862;0.39;134
44875;0.39;129
44888;0.39;128
44900;0.39;125
44912;0.39;130
44925;0.39;129
44938;0.39;125
44950;0.39;125
44962;0.39;121
44975;0.39;126
44988;0.39;124
45000;0.39;125
45012;0.39;126
45025;0.39;129
45037;0.39;129
45050;0.39;132
45063;0.75;131
45075;0.75;135
45087;0.75;135
45101;0.75;139
45113;0.75;143
45125;0.75;143
45137;0.75;144
45150;0.75;146
45163;0.75;150
45175;0.75;149
45188;0.75;152
45200;0.75;152
45213;0.75;149
45225;0.75;153
45238;0.75;154
45250;0.75;150
45262;0.75;151
45276;0.75;148
45288;0.75;146
45300;0.75;145
45313;0.39;146
45326;0.39;141
45338;0.39;142
45350;0.39;138
45363;0.39;135
45375;0.39;132
45388;0.39;133
45401;0.39;132
45413;0.39;128
45425;0.39;127
45438;0.39;125
45451;0.39;126
45463;0.39;124
45475;0.39;126
45488;0.39;126
45501;0.39;128
45513;0.39;128
45526;0.39;132
45538;0.39;131
45550;0.39;134
45563;0.75;132
45576;0.75;136
45588;0.75;140
45600;0.75;137
45614;0.75;142
45626;0.75;145
45638;0.75;149
45650;0.75;147
45663;0.75;150
45676;0.75;153
45688;0.75;152
45701;0.75;151
45713;0.75;152
45726;0.75;151
45739;0.75;151
45751;0.75;152
45763;0.75;151
45775;0.75;149
45789;0.75;150
45801;0.75;149
45813;0.39;143
45826;0.39;143
45839;0.39;142
45851;0.39;138
45863;0.39;136
45876;0.39;130
45888;0.39;133
45901;0.39;132
45914;0.39;127
45926;0.39;129
45938;0.39;123
45950;0.39;124
45964;0.39;126
45976;0.39;124
45988;0.39;126
46001;0.39;129
46014;0.39;129
46026;0.39;128
46039;0.39;128
46051;0.39;131
46063;0.75;134
46076;0.75;133
46089;0.75;139
46101;0.75;141
46113;0.75;142
46127;0.75;141
46139;0.75;143
46151;0.75;144
46163;0.75;148
46176;0.75;147
46189;0.75;150
46201;0.75;151
46214;0.75;148
46226;0.75;151
46239;0.75;149
46252;0.75;150
46264;0.75;150
46276;0.75;149
46288;0.75;146
46302;0.75;145
46314;0.39;143
46326;0.39;141
46339;0.39;142
46352;0.39;138
46364;0.39;137
46376;0.39;133
46389;0.39;130
46401;0.39;128
46414;0.39;130
46427;0.39;127
46439;0.39;125
46451;0.39;125
46465;0.39;126
46477;0.39;127
46489;0.39;123
46501;0.39;129
46514;0.39;126
46527;0.39;128
46539;0.39;132
46552;0.39;129
46564;0.75;136
46576;0.75;136
46589;0.75;138
46602;0.75;139
46614;0.75;144
46626;0.75;146
46640;0.75;149
46652;0.75;150
46664;0.75;149
46676;0.75;150
46689;0.75;150
46702;0.75;150
46714;0.75;152
46727;0.75;155
46739;0.75;156
46752;0.75;149
46765;0.75;150
46777;0.75;149
46789;0.75;150
46801;0.75;146
46815;0.39;145
46827;0.39;143
46839;0.39;139
46852;0.39;139
46865;0.39;134
46877;0.39;131
46889;0.39;134
46902;0.39;126
46914;0.39;128
46927;0.39;126
46940;0.39;128
46952;0.39;126
46964;0.39;128
46978;0.39;124
46992;0.39;125
47004;0.39;127
47016;0.39;128
47029;0.39;130
47042;0.39;132
47054;0.39;135
47067;0.75;137
47079;0.75;138
47092;0.75;142
47105;0.75;145
47117;0.75;147
47129;0.75;147
47141;0.75;150
47155;0.75;149
47167;0.75;152
47179;0.75;155
47192;0.75;152
47205;0.75;154
47217;0.75;153
47229;0.75;158
47242;0.75;154
47254;0.75;156
47267;0.75;151
47280;0.75;154
47292;0.75;151
47304;0.75;150
47318;0.39;149
47330;0.39;145
47342;0.39;143
47354;0.39;144
47367;0.39;140
47380;0.39;138
47392;0.39;135
47405;0.39;134
47417;0.39;133
47430;0.39;129
47442;0.39;129
47455;0.39;131
47467;0.39;130
47479;0.39;130
47493;0.39;130
47505;0.39;129
47517;0.39;131
47529;0.39;135
47543;0.39;133
47555;0.39;136
47567;0.75;135
47580;0.75;142
47592;0.75;144
47605;0.75;145
47618;0.75;146
47630;0.75;148
47642;0.75;150
47655;0.75;152
47668;0.75;154
47680;0.75;155
47692;0.75;154
47705;0.75;152
47718;0.75;154
47730;0.75;156
47742;0.75;158
47755;0.75;156
47768;0.75;152
47780;0.75;153
47793;0.75;149
47805;0.75;148
47817;0.39;148
47831;0.39;146
47843;0.39;144
47855;0.39;142
47867;0.39;141
47881;0.39;137
47893;0.39;138
47905;0.39;136
47918;0.39;134
47930;0.39;132
47943;0.39;133
47955;0.39;132
47968;0.39;128
47980;0.39;131
47993;0.39;130
48006;0.39;130
48018;0.39;131
48030;0.39;132
48043;0.39;134
48056;0.39;138
48068;0.75;137
48080;0.75;142
48093;0.75;145
48106;0.75;145
48118;0.75;147
48131;0.75;149
48143;0.75;151
48155;0.75;151
48168;0.75;153
48181;0.75;152
48193;0.75;154
48205;0.75;159
48219;0.75;157
48231;0.75;158
48243;0.75;155
48256;0.75;156
48268;0.75;153
48281;0.75;155
48293;0.75;153
48306;0.75;149
48318;0.39;146
48331;0.39;147
48344;0.39;145
48356;0.39;140
48368;0.39;140
48380;0.39;138
48394;0.39;136
48406;0.39;137
48418;0.39;133
48431;0.39;133
48444;0.39;130
48456;0.39;130
48468;0.39;127
48481;0.39;129
48493;0.39;129
48506;0.39;130
48519;0.39;130
48531;0.39;131
48543;0.39;135
48557;0.39;135
48569;0.75;137
48581;0.75;139
48593;0.75;143
48606;0.75;143
48619;0.75;146
48631;0.75;145
48644;0.75;151
48656;0.75;147
48669;0.75;154
48681;0.75;151
48694;0.75;153
48706;0.75;157
48718;0.75;156
48732;0.75;155
48744;0.75;153
48756;0.75;153
48769;0.75;152
48782;0.75;151
48794;0.75;154
48806;0.75;152
48819;0.39;151
48831;0.39;149
48844;0.39;144
48857;0.39;141
48869;0.39;142
48881;0.39;140
48894;0.39;137
48907;0.39;133
48919;0.39;132
48931;0.39;131
48944;0.39;133
48957;0.39;129
48969;0.39;131
48982;0.39;132
48994;0.39;128
49007;0.39;129
49019;0.39;130
49032;0.39;130
49044;0.39;134
49056;0.39;136
49070;0.75;138
49082;0.75;140
49094;0.75;144
49106;0.75;146
49119;0.75;149
49132;0.75;149
49144;0.75;151
49157;0.75;153
49169;0.75;153
49182;0.75;157
49195;0.75;159
49207;0.75;156
49219;0.75;159
49231;0.75;156
49245;0.75;156
49258;0.75;155
49270;0.75;157
49283;0.75;155
49295;0.75;152
49307;0.75;153
49320;0.39;151
49333;0.39;150
49345;0.39;145
49357;0.39;143
49371;0.39;142
49383;0.39;141
49395;0.39;137
49408;0.39;138
49420;0.39;133
49433;0.39;132
49445;0.39;129
49458;0.39;130
49470;0.39;134
49483;0.39;130
49496;0.39;129
49508;0.39;128
49520;0.39;130
49532;0.39;130
49546;0.39;132
49558;0.39;134
49570;0.75;138
49583;0.75;137
49595;0.75;142
49608;0.75;141
49620;0.75;143
49633;0.75;148
49645;0.75;149
49658;0.75;151
49671;0.75;151
49683;0.75;151
49695;0.75;157
49708;0.75;153
49721;0.75;155
49734;0.75;153
49746;0.75;157
49759;0.75;155
49771;0.75;154 
49783;0.75;155
49797;0.75;152
49809;0.39;150
49821;0.39;147
49833;0.39;149
49847;0.39;146
49859;0.39;144
49871;0.39;143
49884;0.39;140
49896;0.39;138
49909;0.39;138
49922;0.39;135
49934;0.39;134
49946;0.39;133
49959;0.39;135
49972;0.39;133
49984;0.39;133
49996;0.39;132
50009;0.39;131
50022;0.39;134
50034;0.39;140
50046;0.39;140
50059;0.75;141
50071;0.75;141
50084;0.75;146
50097;0.75;145
50109;0.75;147
50121;0.75;148
50135;0.75;151
50147;0.75;153
50159;0.75;156
50171;0.75;155
50187;0.75;154
50199;0.75;154
50212;0.75;156
50225;0.75;156
50238;0.75;155
50250;0.75;152
50263;0.75;154
50275;0.75;151
50288;0.75;149
50300;0.75;150
50313;0.39;148
50325;0.39;145
50337;0.39;144
50351;0.39;140
50363;0.39;138
50375;0.39;137
50387;0.39;131
50401;0.39;133
50413;0.39;129
50425;0.39;130
50438;0.39;128
50450;0.39;124
50463;0.39;125
50476;0.39;125
50488;0.39;126
50500;0.39;122
50513;0.39;126
50526;0.39;127
50538;0.39;131
50550;0.39;131
50563;0.75;133
50576;0.75;134
50588;0.75;139
50600;0.75;140
50613;0.75;144
50626;0.75;146
50638;0.75;144
50651;0.75;150
50663;0.75;147
50675;0.75;150
50689;0.75;151
50701;0.75;151
50713;0.75;154
50725;0.75;151
50739;0.75;154
50751;0.75;149
50763;0.75;151
50776;0.75;151
50788;0.75;150
50801;0.75;151
50813;0.39;147
50826;0.39;144
50838;0.39;142
50851;0.39;142
50864;0.39;140
50876;0.39;139
50888;0.39;134
50900;0.39;135
50914;0.39;131
50926;0.39;130
50938;0.39;128
50951;0.39;128
50964;0.39;127
50976;0.39;125
50989;0.39;123
51001;0.39;128
51013;0.39;128
51026;0.39;128
51039;0.39;127
51051;0.39;130
51063;0.75;136
51077;0.75;137
51089;0.75;138
51101;0.75;142
51113;0.75;143
51126;0.75;145
51139;0.75;148
51151;0.75;148
51164;0.75;152
51176;0.75;151
51189;0.75;150
51202;0.75;153
51214;0.75;154
51226;0.75;153
51238;0.75;150
51252;0.75;150
51264;0.75;150
51276;0.75;152
51289;0.75;146
51302;0.75;148
51314;0.39;145
51326;0.39;147
51339;0.39;142
51351;0.39;137
51364;0.39;139
51377;0.39;135
51389;0.39;131
51401;0.39;130
51415;0.39;127
51427;0.39;125
51439;0.39;124
51451;0.39;125
51464;0.39;127
51477;0.39;124
51489;0.39;125
51502;0.39;125
51514;0.39;129
51527;0.39;130
51539;0.39;129
51552;0.39;129
51564;0.75;129
51576;0.75;135
51590;0.75;138
51602;0.75;138
51614;0.75;141
51627;0.75;144
51640;0.75;148
51652;0.75;149
51664;0.75;153
51677;0.75;150
51689;0.75;153
51702;0.75;153
51715;0.75;154
51727;0.75;153
51739;0.75;149
51752;0.75;151
51765;0.75;150
51777;0.75;151
51789;0.75;146
51802;0.75;147
51815;0.39;146
51827;0.39;144
51840;0.39;146
51852;0.39;139
51865;0.39;137
51877;0.39;136
51890;0.39;134
51902;0.39;131
51914;0.39;131
51928;0.39;130
51940;0.39;128
51952;0.39;126
51964;0.39;127
51978;0.39;130
51990;0.39;127
52002;0.39;126
52015;0.39;129
52027;0.39;130
52040;0.39;130
52052;0.39;130
52065;0.75;131
52077;0.75;135
52090;0.75;139
52103;0.75;139
52115;0.75;144
52127;0.75;145
52140;0.75;145
52153;0.75;146
52165;0.75;151
52177;0.75;152
52190;0.75;154
52203;0.75;149
52215;0.75;152
52228;0.75;152
52240;0.75;152
52252;0.75;152
52265;0.75;153
52278;0.75;152
52290;0.75;149
52302;0.75;147
52316;0.39;145
52328;0.39;143
52340;0.39;142
52353;0.39;140
52365;0.39;135
52378;0.39;133
52390;0.39;131
52403;0.39;132
52415;0.39;131
52428;0.39;126
52441;0.39;127
52453;0.39;129
52465;0.39;130
52477;0.39;130
52491;0.39;129
52503;0.39;130
52515;0.39;132
52528;0.39;131
52541;0.39;134
52553;0.39;136
52566;0.75;138
52578;0.75;138
52590;0.75;138
52603;0.75;141
52616;0.75;143
52628;0.75;145
52640;0.75;151
52653;0.75;152
52666;0.75;154
52678;0.75;154
52690;0.75;156
52703;0.75;156
52716;0.75;155
52728;0.75;155
52741;0.75;153
52753;0.75;156
52765;0.75;153
52779;0.75;151
52791;0.75;150
52803;0.75;149
52815;0.39;145
52829;0.39;144
52841;0.39;146
52853;0.39;140
52866;0.39;137
52878;0.39;136
52891;0.39;133
52903;0.39;132
52916;0.39;130
52928;0.39;131
52941;0.39;126
52954;0.39;128
52966;0.39;127
52978;0.39;126
52990;0.39;126
53004;0.39;132
53016;0.39;133
53028;0.39;131
53041;0.39;134
53054;0.39;136
53066;0.75;134
53079;0.75;139
53091;0.75;135
53103;0.75;143
53116;0.75;144
53129;0.75;147
53141;0.75;145
53153;0.75;148
53167;0.75;148
53179;0.75;149
53191;0.75;153
53203;0.75;151
53216;0.75;151
53229;0.75;154
53241;0.75;152
53254;0.75;152
53266;0.75;152
53279;0.75;151
53292;0.75;148
53304;0.75;144
53316;0.39;145
53328;0.39;142
53342;0.39;138
53354;0.39;138
53366;0.39;135
53381;0.39;134
53394;0.39;133
53406;0.39;133
53419;0.39;126
53431;0.39;128
53443;0.39;127
53456;0.39;128
53469;0.39;126
53481;0.39;126
53493;0.39;126
53506;0.39;129
53519;0.39;128
53531;0.39;131
53543;0.39;131 
53556;0.39;132
53569;0.75;137
53581;0.75;137
53594;0.75;140
53606;0.75;141
53618;0.75;142
53632;0.75;146
53644;0.75;148
53656;0.75;147
53668;0.75;148
53682;0.75;149
53694;0.75;151
53706;0.75;152
53719;0.75;152
53731;0.75;154
53744;0.75;153
53756;0.75;151
53769;0.75;151 
53781;0.75;147
53794;0.75;150
53807;0.75;145
53819;0.39;145
53831;0.39;143
53843;0.39;142
53857;0.39;140
53869;0.39;139
53881;0.39;133
53894;0.39;132
53907;0.39;133
53919;0.39;132
53932;0.39;126
53944;0.39;126
53956;0.39;127
53969;0.39;127
53982;0.39;128
53994;0.39;127
54006;0.39;124
54019;0.39;128
54032;0.39;127
54044;0.39;132
54056;0.39;133
54069;0.75;135
54082;0.75;135
54094;0.75;139
54107;0.75;141
54119;0.75;143
54131;0.75;145
54145;0.75;145
54157;0.75;147
54169;0.75;148
54181;0.75;150
54195;0.75;149
54207;0.75;152
54219;0.75;151
54232;0.75;149
54244;0.75;152
54257;0.75;151
54269;0.75;149
54282;0.75;147
54294;0.75;152
54307;0.75;145
54320;0.39;143
54332;0.39;143
54344;0.39;139
54356;0.39;136
54370;0.39;135
54382;0.39;130
54394;0.39;133
54407;0.39;129
54420;0.39;127
54432;0.39;123
54445;0.39;127
54457;0.39;124
54469;0.39;122
54482;0.39;122
54495;0.39;126
54507;0.39;124
54519;0.39;124
54533;0.39;126
54545;0.39;128
54557;0.39;131
54569;0.75;135
54582;0.75;135
54595;0.75;138
54607;0.75;140
54620;0.75;143
54632;0.75;141
54645;0.75;149
54658;0.75;145
54670;0.75;147
54682;0.75;148
54694;0.75;150
54708;0.75;152
54720;0.75;152
54732;0.75;152
54745;0.75;152
54758;0.75;151
54770;0.75;150
54782;0.75;151
54795;0.75;146
54807;0.75;145
54820;0.39;143
54833;0.39;144
54845;0.39;143
54857;0.39;138
54871;0.39;139
54883;0.39;134
54895;0.39;133
54907;0.39;130
54920;0.39;133
54933;0.39;128
54945;0.39;126
54958;0.39;127
54970;0.39;124
54982;0.39;125
54995;0.39;124
55008;0.39;132
55020;0.39;130
55032;0.39;129
55046;0.39;131
55058;0.39;132
55070;0.75;136
55083;0.75;140
55095;0.75;143
55108;0.75;144
55120;0.75;146
55133;0.75;145 
55145;0.75;150
55158;0.75;150
55171;0.75;151
55183;0.75;150
55195;0.75;155
55207;0.75;152
55221;0.75;154
55233;0.75;155
55245;0.75;156
55258;0.75;151
55271;0.75;151
55283;0.75;149
55296;0.75;150
55308;0.75;150
55320;0.39;147
55333;0.39;146
55346;0.39;143
55358;0.39;138 
55370;0.39;137
55384;0.39;132
55396;0.39;130
55408;0.39;132
55420;0.39;129
55433;0.39;125
55446;0.39;126
55458;0.39;123
55471;0.39;126
55483;0.39;125
55496;0.39;123
55508;0.39;126
55521;0.39;129
55533;0.39;130
55545;0.39;134
55559;0.75;134
55571;0.75;134
55583;0.75;135
55596;0.75;137
55609;0.75;140
55621;0.75;141
55633;0.75;147
55646;0.75;149
55658;0.75;145
55671;0.75;147
55684;0.75;149
55696;0.75;149
55708;0.75;151
55721;0.75;148
55734;0.75;151
55746;0.75;149
55758;0.75;148
55771;0.75;144
55784;0.75;146
55796;0.75;143
55809;0.39;143
55821;0.39;139
55834;0.39;140
55846;0.39;139
55859;0.39;138
55871;0.39;130
55883;0.39;135
55897;0.39;130
55909;0.39;129
55921;0.39;129
55933;0.39;124
55947;0.39;127
55959;0.39;128
55971;0.39;123
55984;0.39;126
55996;0.39;129
56009;0.39;127
56022;0.39;128
56034;0.39;132
56046;0.39;133
56059;0.75;137
56072;0.75;136
56084;0.75;141
56096;0.75;142
56109;0.75;145
56122;0.75;146
56134;0.75;150
56146;0.75;150
56159;0.75;150
56172;0.75;149
56184;0.75;153
56197;0.75;152
56209;0.75;154
56221;0.75;154
56235;0.75;152
56247;0.75;156
56259;0.75;153
56271;0.75;153
56285;0.75;149
56297;0.75;151
56309;0.39;149
56322;0.39;144
56334;0.39;141
56347;0.39;141
56359;0.39;137
56372;0.39;135
56384;0.39;135
56397;0.39;132
56410;0.39;130
56422;0.39;132
56434;0.39;130
56446;0.39;130
56460;0.39;129
56472;0.39;128
56484;0.39;131
56497;0.39;128
56510;0.39;131
56522;0.39;133
56535;0.39;137
56547;0.39;138
56559;0.75;141
56574;0.75;144
56587;0.75;141
56599;0.75;146
56611;0.75;148
56625;0.75;150
56637;0.75;151
56649;0.75;154
56662;0.75;152
56674;0.75;155
56687;0.75;155
56699;0.75;156
56712;0.75;158
56724;0.75;155
56737;0.75;158
56750;0.75;157
56762;0.75;152
56774;0.75;152
56786;0.75;153
56800;0.75;152
56812;0.39;149
56824;0.39;147
56837;0.39;146
56850;0.39;142
56862;0.39;138
56875;0.39;137
56887;0.39;137
56899;0.39;131
56912;0.39;133
56925;0.39;127
56937;0.39;129
56949;0.39;129
56963;0.39;127
56975;0.39;129
56987;0.39;127
56999;0.39;127
57012;0.39;128
57025;0.39;129
57037;0.39;131
57050;0.39;135 
57062;0.75;136
57074;0.75;139
57088;0.75;139
57100;0.75;144
57112;0.75;144
57124;0.75;144
57138;0.75;149
57150;0.75;149
57162;0.75;152
57175;0.75;153
57187;0.75;152
57200;0.75;151
57212;0.75;153
57225;0.75;153
57237;0.75;153
57250;0.75;155
57263;0.75;151
57275;0.75;149 
57287;0.75;151
57299;0.75;149
57313;0.39;149
57325;0.39;142
57337;0.39;144
57350;0.39;143
57363;0.39;138
57375;0.39;139
57388;0.39;135
57400;0.39;135
57412;0.39;136
57425;0.39;129
57438;0.39;128
57450;0.39;128
57462;0.39;127
57476;0.39;129
57488;0.39;129
57500;0.39;127
57512;0.39;134
57525;0.39;131
57538;0.39;134
57550;0.39;136
57563;0.75;138
57575;0.75;138
57587;0.75;140
57601;0.75;142
57613;0.75;145
57625;0.75;147
57637;0.75;150
57651;0.75;151
57663;0.75;153
57675;0.75;152
57688;0.75;154
57700;0.75;154
57713;0.75;156
57725;0.75;156
57738;0.75;154
57750;0.75;155
57763;0.75;156
57776;0.75;150
57788;0.75;153
57800;0.75;151
57812;0.39;147
57826;0.39;148
57838;0.39;146
57850;0.39;143
57863;0.39;139
57876;0.39;139
57888;0.39;134
57901;0.39;132
57913;0.39;133
57925;0.39;132
57938;0.39;130
57951;0.39;130
57963;0.39;126 
57975;0.39;125
57988;0.39;126
58001;0.39;131
58013;0.39;128
58025;0.39;129
58038;0.39;134
58051;0.39;132
58063;0.75;136
58076;0.75;139
58088;0.75;139
58100;0.75;142
58114;0.75;146
58126;0.75;145
58138;0.75;147
58150;0.75;150
58164;0.75;150
58176;0.75;149
58188;0.75;154 
58201;0.75;154
58213;0.75;155
58226;0.75;156
58238;0.75;155
58251;0.75;152
58263;0.75;152
58276;0.75;151
58289;0.75;150
58301;0.75;149
58313;0.39;147
58326;0.39;147
58339;0.39;144
58351;0.39;139
58363;0.39;140
58376;0.39;137
58389;0.39;136
58401;0.39;136
58414;0.39;133 
58426;0.39;131
58438;0.39;131
58451;0.39;128
58464;0.39;132
58476;0.39;129
58488;0.39;127
58502;0.39;129
58514;0.39;129
58526;0.39;131
58539;0.39;132
58551;0.39;135
58564;0.75;137
58576;0.75;139
58589;0.75;140
58601;0.75;146
58614;0.75;147
58627;0.75;145
58639;0.75;149
58651;0.75;149
58663;0.75;154
58677;0.75;154
58689;0.75;154
58701;0.75;154
58714;0.75;155
58727;0.75;153
58739;0.75;155
58752;0.75;150
58764;0.75;150
58776;0.75;149
58789;0.75;149
58802;0.75;146
58814;0.39;144
58826;0.39;143
58840;0.39;139
58852;0.39;140
58864;0.39;137
58876;0.39;133
58889;0.39;133
58902;0.39;132
58914;0.39;130
58927;0.39;129
58939;0.39;126
58952;0.39;129
58964;0.39;123
58977;0.39;122
58989;0.39;126
59001;0.39;124
59015;0.39;125
59027;0.39;127
59039;0.39;127
59052;0.39;130
59065;0.75;134
59077;0.75;136
59089;0.75;138
59102;0.75;138
59114;0.75;142
59127;0.75;144
59140;0.75;144
59152;0.75;150
59164;0.75;149
59177;0.75;153
59190;0.75;150
59202;0.75;151
59214;0.75;152
59227;0.75;151
59240;0.75;150
59252;0.75;151
59265;0.75;151
59277;0.75;149
59290;0.75;148
59302;0.75;147
59315;0.39;142
59327;0.39;142
59339;0.39;139
59353;0.39;138
59365;0.39;136
59377;0.39;135
59389;0.39;131
59403;0.39;132
59415;0.39;130
59427;0.39;129
59440;0.39;126
59452;0.39;129
59465;0.39;127
59478;0.39;130
59490;0.39;125
59502;0.39;127
59515;0.39;127
59528;0.39;131
59540;0.39;131
59552;0.39;131
59565;0.75;135
59578;0.75;137
59590;0.75;140
59602;0.75;142
59615;0.75;144
59628;0.75;149
59640;0.75;148
59653;0.75;152
59665;0.75;150
59677;0.75;151
59691;0.75;155
59703;0.75;151
59715;0.75;155
59727;0.75;153
59741;0.75;154
59753;0.75;152
59768;0.75;154
59781;0.75;149
59793;0.75;149
59805;0.75;149
59819;0.39;147
59831;0.39;144
59843;0.39;143
59855;0.39;140
59868;0.39;140
59881;0.39;137
59893;0.39;132
59906;0.39;128
59918;0.39;132
59931;0.39;130
59943;0.39;133
59956;0.39;130
59968;0.39;125
59980;0.39;124
59994;0.39;129
60006;0.39;126
60018;0.39;126
60030;0.39;129
60044;0.39;132
60056;0.39;130
60068;0.75;133
60081;0.75;136
60093;0.75;136
60106;0.75;140
60119;0.75;139
60131;0.75;143
60143;0.75;145
60156;0.75;146
60169;0.75;146
60181;0.75;153
60193;0.75;152
60206;0.75;152
60219;0.75;153
60231;0.75;156
60243;0.75;153
60256;0.75;151
60269;0.75;150
60281;0.75;151
60294;0.75;147
60306;0.75;149
60318;0.39;143
60332;0.39;140
60344;0.39;140
60356;0.39;136
60368;0.39;135
60382;0.39;130
60394;0.39;127
60406;0.39;131
60419;0.39;128
60431;0.39;124
60444;0.39;128
60456;0.39;126
60469;0.39;123
60481;0.39;122
60494;0.39;125
60507;0.39;127
60519;0.39;127
60531;0.39;126
60544;0.39;130
60557;0.39;131
60569;0.75;132
60581;0.75;134
60594;0.75;135
60607;0.75;141
60619;0.75;140
60632;0.75;143
60644;0.75;145
60656;0.75;148
60669;0.75;150
60682;0.75;151
60694;0.75;149
60706;0.75;153
60720;0.75;151
60732;0.75;153
60744;0.75;151
60756;0.75;154
60769;0.75;150
60782;0.75;153
60794;0.75;148
60807;0.75;145
60819;0.39;143
60832;0.39;145
60845;0.39;141
60857;0.39;136
60869;0.39;138
60881;0.39;133
60895;0.39;129
60907;0.39;129
60919;0.39;127
60932;0.39;125
60945;0.39;124
60957;0.39;128
60969;0.39;126
60982;0.39;125
60994;0.39;124
61007;0.39;127
61020;0.39;127
61032;0.39;129
61044;0.39;130
61057;0.39;131
61070;0.75;131
61082;0.75;135
61094;0.75;136
61107;0.75;139
61120;0.75;138
61132;0.75;141
61145;0.75;145
61157;0.75;146
61169;0.75;146
61182;0.75;148
61195;0.75;149 
61207;0.75;149
61219;0.75;150
61233;0.75;152
61245;0.75;152
61257;0.75;148
61270;0.75;150
61282;0.75;150
61295;0.75;145
61307;0.75;144
61320;0.39;142
61332;0.39;143
61345;0.39;137
61358;0.39;136
61370;0.39;129
61382;0.39;131
61394;0.39;126
61408;0.39;129
61420;0.39;123 
61432;0.39;128
61445;0.39;127
61458;0.39;120
61470;0.39;121
61483;0.39;127
61495;0.39;122
61507;0.39;125
61520;0.39;125
61533;0.39;126
61545;0.39;131
61557;0.39;131
61570;0.75;136
61583;0.75;134
61595;0.75;136
61607;0.75;141
61620;0.75;140
61633;0.75;145
61645;0.75;144
61658;0.75;148
61670;0.75;151
61682;0.75;146
61696;0.75;153
61708;0.75;153
61720;0.75;150
61732;0.75;150
61746;0.75;151
61758;0.75;151
61770;0.75;152
61783;0.75;150
61795;0.75;148
61808;0.75;144
61820;0.39;143
61833;0.39;144
61845;0.39;141
61858;0.39;140
61871;0.39;136
61883;0.39;133
61895;0.39;130
61907;0.39;132
61921;0.39;127
61933;0.39;126
61945;0.39;129
61958;0.39;125
61970;0.39;127
61983;0.39;126
61996;0.39;124
62008;0.39;126
62020;0.39;126
62033;0.39;129
62046;0.39;131
62058;0.39;130
62070;0.75;134
62083;0.75;135
62096;0.75;137
62108;0.75;139
62120;0.75;145
62133;0.75;145
62145;0.75;147
62158;0.75;148
62171;0.75;150
62183;0.75;149
62195;0.75;151
62209;0.75;150
62221;0.75;151
62233;0.75;151
62245;0.75;153
62258;0.75;149
62271;0.75;148
62283;0.75;148
62296;0.75;147
62308;0.39;147
62321;0.39;145
62333;0.39;142
62346;0.39;140
62358;0.39;141
62370;0.39;136
62384;0.39;134
62396;0.39;135
62408;0.39;133
62420;0.39;129
62434;0.39;128
62446;0.39;133
62458;0.39;128
62471;0.39;131
62483;0.39;129
62496;0.39;129
62509;0.39;134
62521;0.39;132
62533;0.39;133
62546;0.39;136
62559;0.75;140
62571;0.75;139
62583;0.75;144
62596;0.75;141
62609;0.75;147
62621;0.75;148
62633;0.75;150
62646;0.75;151
62659;0.75;153
62671;0.75;153
62684;0.75;153
62696;0.75;158
62708;0.75;156
62722;0.75;151
62734;0.75;152
62746;0.75;151
62758;0.75;151
62772;0.75;149
62784;0.75;150
62796;0.75;149
62809;0.39;143
62821;0.39;143
62834;0.39;143
62846;0.39;138
62859;0.39;137
62871;0.39;134
62884;0.39;133
62897;0.39;134
62909;0.39;127
62921;0.39;130
62934;0.39;126
62947;0.39;123
62961;0.39;126
62973;0.39;128
62986;0.39;127
62999;0.39;128
63011;0.39;129
63024;0.39;131
63036;0.39;129
63048;0.39;134
63062;0.75;133
63074;0.75;139
63086;0.75;140
63098;0.75;142
63112;0.75;145
63124;0.75;147 
63136;0.75;150
63149;0.75;151
63161;0.75;151
63174;0.75;153
63186;0.75;156
63199;0.75;156
63211;0.75;152
63224;0.75;155
63237;0.75;153
63249;0.75;152
63261;0.75;154
63273;0.75;152
63287;0.75;151
63299;0.75;148
63311;0.39;147
63324;0.39;145
63337;0.39;141
63349;0.39;139 
63362;0.39;140
63374;0.39;135
63386;0.39;132
63399;0.39;136
63412;0.39;131
63424;0.39;130
63436;0.39;131
63450;0.39;132
63462;0.39;130
63474;0.39;128
63486;0.39;130
63499;0.39;132
63512;0.39;133
63524;0.39;132
63537;0.39;134
63549;0.39;137
63562;0.75;141
63575;0.75;141 
63587;0.75;146
63599;0.75;146
63611;0.75;145
63625;0.75;148
63637;0.75;151
63649;0.75;151
63662;0.75;150
63675;0.75;157
63687;0.75;155
63699;0.75;153
63712;0.75;155
63724;0.75;155
63737;0.75;155
63750;0.75;157
63762;0.75;156
63774;0.75;154
63788;0.75;153
63800;0.75;150 
63812;0.39;148
63824;0.39;147
63837;0.39;146
63850;0.39;141
63862;0.39;141
63875;0.39;138
63887;0.39;138
63900;0.39;133
63912;0.39;132
63925;0.39;128
63937;0.39;131
63949;0.39;129
63963;0.39;132
63975;0.39;130
63987;0.39;126
64000;0.39;127
64013;0.39;129
64025;0.39;129 
64037;0.39;134
64050;0.39;134
64062;0.75;134
64075;0.75;138
64088;0.75;139
64100;0.75;143
64112;0.75;145
64125;0.75;145
64138;0.75;150
64150;0.75;149
64162;0.75;153
64175;0.75;151
64188;0.75;156
64200;0.75;152
64212;0.75;154
64225;0.75;153
64238;0.75;152
64250;0.75;153 
64263;0.75;152
64275;0.75;149
64287;0.75;151
64301;0.75;149
64313;0.39;145
64325;0.39;144
64337;0.39;142
64351;0.39;140
64363;0.39;137
64375;0.39;136
64388;0.39;134
64400;0.39;130
64413;0.39;130
64425;0.39;128
64438;0.39;129
64450;0.39;128
64463;0.39;128
64476;0.39;127 
64488;0.39;131
64500;0.39;124
64513;0.39;128
64526;0.39;130
64538;0.39;133
64550;0.39;133
64563;0.75;137
64576;0.75;139
64588;0.75;140
64601;0.75;144
64613;0.75;147
64625;0.75;148
64638;0.75;147
64651;0.75;153
64663;0.75;151
64675;0.75;154
64689;0.75;155
64701;0.75;157 
64713;0.75;156
64726;0.75;156
64738;0.75;157
64751;0.75;157
64763;0.75;156
64776;0.75;153
64788;0.75;152
64801;0.75;150
64814;0.39;147
64826;0.39;145
64838;0.39;144
64850;0.39;142
64864;0.39;140
64876;0.39;136
64888;0.39;134
64901;0.39;131
64914;0.39;134
64926;0.39;131 
64939;0.39;129
64951;0.39;129
64963;0.39;129
64976;0.39;128
64989;0.39;128
65001;0.39;128
65013;0.39;129
65027;0.39;130
65039;0.39;133
65051;0.39;131
65063;0.75;135
65076;0.75;137
65089;0.75;139
65101;0.75;138
65114;0.75;143
65126;0.75;145
65138;0.75;147
65152;0.75;149
65164;0.75;150
65176;0.75;152
65188;0.75;153
65202;0.75;157
65214;0.75;153
65226;0.75;156
65239;0.75;154
65251;0.75;158
65264;0.75;153
65276;0.75;147
65289;0.75;147
65301;0.75;149
65314;0.39;148
65327;0.39;143
65339;0.39;143
65351;0.39;141
65363;0.39;140
65377;0.39;139
65389;0.39;132
65401;0.39;132
65414;0.39;133
65427;0.39;130
65439;0.39;127
65452;0.39;128
65464;0.39;128
65476;0.39;127
65489;0.39;128
65502;0.39;126
65514;0.39;128
65526;0.39;128
65539;0.39;130
65552;0.39;133
65564;0.75;135
65576;0.75;135
65589;0.75;140
65602;0.75;143
65614;0.75;144
65627;0.75;146
65639;0.75;151
65651;0.75;148
65665;0.75;151
65677;0.75;153
65689;0.75;151
65701;0.75;152
65715;0.75;155
65727;0.75;156
65739;0.75;155
65752;0.75;153
65764;0.75;153
65777;0.75;152
65789;0.75;150
65802;0.75;150
65814;0.39;146
65827;0.39;145
65840;0.39;144
65852;0.39;143
65864;0.39;137
65876;0.39;136
65890;0.39;135
65902;0.39;134
65914;0.39;131
65927;0.39;130
65940;0.39;127
65952;0.39;127
65965;0.39;128
65977;0.39;124
65989;0.39;125
66002;0.39;128
66015;0.39;125
66027;0.39;129
66039;0.39;129
66052;0.39;131
66065;0.75;132 
66077;0.75;137
66089;0.75;140
66102;0.75;141
66115;0.75;145
66127;0.75;145
66140;0.75;148
66154;0.75;147
66166;0.75;148
66180;0.75;153
66192;0.75;152
66204;0.75;152
66216;0.75;151
66230;0.75;154
66242;0.75;152
66254;0.75;148
66267;0.75;150
66279;0.75;151
66292;0.75;149
66305;0.75;148
66317;0.39;148
66329;0.39;142
66342;0.39;140
66355;0.39;140
66367;0.39;135
66379;0.39;134
66392;0.39;133
66405;0.39;131
66417;0.39;128
66429;0.39;127
66442;0.39;127
66454;0.39;124
66467;0.39;123
66480;0.39;122
66492;0.39;124
66504;0.39;123
66518;0.39;123
66530;0.39;127
66542;0.39;129
66554;0.39;128
66567;0.75;134
66580;0.75;135
66592;0.75;134
66605;0.75;139
66617;0.75;141
66630;0.75;142
66642;0.75;145
66655;0.75;146
66667;0.75;148
66679;0.75;148
66693;0.75;148
66705;0.75;150
66717;0.75;152
66729;0.75;152
66743;0.75;153
66755;0.75;153
66767;0.75;151
66780;0.75;148
66792;0.75;147
66805;0.75;146
66818;0.39;146
66830;0.39;143
66842;0.39;144
66855;0.39;142
66868;0.39;138
66880;0.39;137
66892;0.39;133
66905;0.39;131
66918;0.39;129
66930;0.39;126
66942;0.39;128
66955;0.39;126
66968;0.39;125
66980;0.39;127
66993;0.39;130
67005;0.39;127
67017;0.39;126
67031;0.39;126
67043;0.39;130
67055;0.39;130
67067;0.75;133
67081;0.75;134
67093;0.75;140
67105;0.75;139
67118;0.75;141
67130;0.75;144
67143;0.75;144
67155;0.75;147
67168;0.75;149
67180;0.75;150
67193;0.75;151
67206;0.75;152
67218;0.75;149
67230;0.75;151
67243;0.75;149
67256;0.75;151
67268;0.75;150
67280;0.75;145
67293;0.75;146
67306;0.75;147
67318;0.39;142
67331;0.39;140
67343;0.39;139
67355;0.39;136
67368;0.39;134
67381;0.39;136
67393;0.39;129
67405;0.39;129
67419;0.39;126
67431;0.39;124
67443;0.39;125
67456;0.39;124
67468;0.39;122
67481;0.39;124
67493;0.39;124
67506;0.39;123
67518;0.39;127
67530;0.39;126
67544;0.39;128 
67556;0.39;127
67568;0.75;131
67580;0.75;135
67594;0.75;137
67606;0.75;140
67618;0.75;140
67631;0.75;145
67643;0.75;146
67656;0.75;147
67668;0.75;148
67681;0.75;149
67693;0.75;149
67706;0.75;150
67719;0.75;150
67731;0.75;150
67743;0.75;149
67756;0.75;150
67769;0.75;146 
67781;0.75;146
67793;0.75;146
67806;0.75;145
67819;0.39;141
67831;0.39;139
67844;0.39;138
67856;0.39;136
67868;0.39;131
67881;0.39;130
67894;0.39;128
67906;0.39;128
67918;0.39;126
67932;0.39;125
67944;0.39;124
67956;0.39;122
67969;0.39;123
67981;0.39;123
67994;0.39;123 
68006;0.39;121
68019;0.39;122
68031;0.39;123
68044;0.39;127
68057;0.39;127
68069;0.75;126
68081;0.75;132
68093;0.75;135
68107;0.75;136
68119;0.75;137
68131;0.75;139
68144;0.75;143
68156;0.75;143
68169;0.75;144
68182;0.75;148
68194;0.75;150
68206;0.75;147
68219;0.75;149
68232;0.75;149
68244;0.75;148
68256;0.75;146
68269;0.75;145
68282;0.75;145
68294;0.75;145
68306;0.75;140
68319;0.39;139
68332;0.39;138
68344;0.39;136
68357;0.39;135
68369;0.39;134
68381;0.39;132
68395;0.39;129
68407;0.39;126
68419;0.39;127
68431;0.39;125
68445;0.39;125
68457;0.39;125
68469;0.39;123
68482;0.39;121
68494;0.39;123
68507;0.39;124
68519;0.39;126
68532;0.39;128
68544;0.39;128
68557;0.39;130
68570;0.75;133
68582;0.75;135
68594;0.75;138
68606;0.75;140
68620;0.75;140
68632;0.75;144
68644;0.75;144
68657;0.75;147
68670;0.75;147
68682;0.75;150
68695;0.75;151
68707;0.75;149
68719;0.75;151
68732;0.75;155
68745;0.75;152
68757;0.75;151
68769;0.75;150
68783;0.75;149
68795;0.75;151
68807;0.75;148
68819;0.39;143
68832;0.39;142
68845;0.39;140
68857;0.39;140
68870;0.39;130
68882;0.39;131
68895;0.39;133
68908;0.39;127
68920;0.39;127
68932;0.39;124
68944;0.39;125
68958;0.39;122
68970;0.39;122
68982;0.39;122
68995;0.39;122
69008;0.39;123
69020;0.39;126
69032;0.39;125
69045;0.39;126
69057;0.39;127
69070;0.75;132
69083;0.75;132
69095;0.75;132
69107;0.75;140
69120;0.75;139
69133;0.75;139
69145;0.75;143
69157;0.75;143
69170;0.75;147
69183;0.75;146
69195;0.75;146
69208;0.75;149
69220;0.75;150
69232;0.75;148
69245;0.75;150
69258;0.75;148
69270;0.75;147
69282;0.75;145
69296;0.75;146
69308;0.75;147
69320;0.39;144
69332;0.39;139
69347;0.39;135
69360;0.39;135
69372;0.39;130
69385;0.39;132
69397;0.39;129
69410;0.39;127
69423;0.39;126
69435;0.39;126
69447;0.39;123
69459;0.39;120
69473;0.39;124
69485;0.39;122
69497;0.39;126
69510;0.39;124
69523;0.39;126
69535;0.39;127
69548;0.39;129
69560;0.75;130
69572;0.75;133
69585;0.75;137
69598;0.75;137
69610;0.75;138
69622;0.75;140
69636;0.75;141
69648;0.75;143
69660;0.75;144
69672;0.75;144
69685;0.75;148
69698;0.75;147
69710;0.75;148
69723;0.75;148
69735;0.75;148
69748;0.75;148
69761;0.75;146
69773;0.75;144
69785;0.75;142
69797;0.75;143
69811;0.39;141
69823;0.39;137
69835;0.39;133
69848;0.39;134
69861;0.39;131
69873;0.39;129
69885;0.39;126
69898;0.39;123
69910;0.39;124
69923;0.39;123
69936;0.39;118
69948;0.39;121
69960;0.39;121
69974;0.39;121
69986;0.39;118
69998;0.39;122
70010;0.39;122
70023;0.39;122
70036;0.39;125
70048;0.39;128
70061;0.75;130
70073;0.75;129
70085;0.75;135
70098;0.75;136
70111;0.75;141
70123;0.75;141
70135;0.75;142
70149;0.75;145 
70161;0.75;146
70173;0.75;146
70185;0.75;148
70198;0.75;148
70211;0.75;148
70223;0.75;149
70236;0.75;151
70248;0.75;149
70261;0.75;145
70274;0.75;146
70286;0.75;146
70298;0.75;143
70310;0.39;144
70324;0.39;140
70336;0.39;138
70348;0.39;136
70361;0.39;136
70374;0.39;131 
70386;0.39;131
70398;0.39;126
70411;0.39;125
70423;0.39;131
70436;0.39;124
70449;0.39;123
70461;0.39;125
70473;0.39;126
70487;0.39;125
70499;0.39;125
70511;0.39;127
70523;0.39;128
70536;0.39;129
70549;0.39;128
70561;0.75;131
70574;0.75;136
70586;0.75;138
70598;0.75;138
70611;0.75;140
70624;0.75;144
70636;0.75;146
70648;0.75;147
70662;0.75;148
70674;0.75;150
70686;0.75;148
70699;0.75;151
70711;0.75;152
70724;0.75;148
70736;0.75;151
70749;0.75;150
70761;0.75;148
70774;0.75;147
70787;0.75;147
70799;0.75;145
70811;0.39;143
70823;0.39;144
70837;0.39;140
70849;0.39;135
70861;0.39;134
70874;0.39;133
70887;0.39;132
70899;0.39;129
70912;0.39;130
70924;0.39;123
70936;0.39;128
70949;0.39;126
70962;0.39;126
70974;0.39;127
70986;0.39;124
71000;0.39;129
71012;0.39;124
71024;0.39;131
71036;0.39;133
71049;0.39;131
71062;0.75;136
71074;0.75;138
71087;0.75;137
71099;0.75;141
71112;0.75;143
71124;0.75;145
71137;0.75;147
71149;0.75;149
71161;0.75;150
71175;0.75;153
71187;0.75;151
71199;0.75;151
71212;0.75;152
71225;0.75;153
71237;0.75;152
71249;0.75;152
71262;0.75;151
71274;0.75;152
71287;0.75;152
71300;0.75;151
71312;0.39;145
71324;0.39;143
71337;0.39;141
71350;0.39;138
71362;0.39;139
71374;0.39;136
71387;0.39;136
71400;0.39;133
71412;0.39;132
71425;0.39;128
71437;0.39;128
71450;0.39;125
71462;0.39;128
71475;0.39;129
71487;0.39;131
71499;0.39;129
71513;0.39;128
71525;0.39;135
71537;0.39;132
71549;0.39;132
71563;0.75;139
71575;0.75;139
71587;0.75;141
71600;0.75;145
71612;0.75;149
71625;0.75;148
71638;0.75;152
71650;0.75;153
71662;0.75;152
71675;0.75;155
71688;0.75;153
71700;0.75;156
71712;0.75;158
71725;0.75;156
71738;0.75;156
71750;0.75;156
71762;0.75;154
71775;0.75;152
71788;0.75;150
71800;0.75;149
71813;0.39;148
71825;0.39;145
71837;0.39;143
71851;0.39;142
71863;0.39;137
71875;0.39;137
71887;0.39;137
71901;0.39;131
71913;0.39;132
71925;0.39;131
71938;0.39;131
71950;0.39;127
71963;0.39;126
71975;0.39;126
71988;0.39;126
72000;0.39;127
72013;0.39;129
72026;0.39;129
72038;0.39;133
72050;0.39;132
72062;0.75;136
72076;0.75;138
72088;0.75;140
72100;0.75;142
72113;0.75;145
72125;0.75;144
72138;0.75;147
72151;0.75;149
72163;0.75;150
72175;0.75;152
72188;0.75;149
72201;0.75;153
72213;0.75;152
72225;0.75;150
72238;0.75;152
72251;0.75;152
72263;0.75;152
72275;0.75;151
72288;0.75;151
72301;0.75;150
72313;0.39;146
72326;0.39;143
72338;0.39;142
72350;0.39;138
72364;0.39;137
72376;0.39;135
72388;0.39;132
72400;0.39;129
72414;0.39;132
72426;0.39;130
72438;0.39;128
72451;0.39;125
72463;0.39;128
72476;0.39;128
72488;0.39;129
72501;0.39;128
72513;0.39;129
72526;0.39;131
72541;0.39;133
72553;0.39;136
72565;0.75;137
72578;0.75;138
72591;0.75;142
72603;0.75;145
72615;0.75;146
72628;0.75;149
72641;0.75;151
72653;0.75;150
72666;0.75;155
72678;0.75;153
72690;0.75;155
72704;0.75;156
72716;0.75;156
72728;0.75;156
72740;0.75;157
72754;0.75;153
72766;0.75;152
72779;0.75;153
72792;0.75;153
72804;0.75;151
72816;0.39;146
72829;0.39;145
72842;0.39;143
72854;0.39;145
72866;0.39;141
72879;0.39;140
72892;0.39;140
72904;0.39;136
72916;0.39;133
72929;0.39;135
72942;0.39;133
72954;0.39;128
72967;0.39;133
72979;0.39;134
72991;0.39;132
73005;0.39;133
73017;0.39;132
73029;0.39;136
73041;0.39;137
73055;0.39;137
73067;0.75;140
73079;0.75;143
73092;0.75;143
73104;0.75;146
73117;0.75;150
73129;0.75;149
73142;0.75;153
73154;0.75;152
73167;0.75;158
73180;0.75;155
73192;0.75;158
73204;0.75;160
73217;0.75;158
73230;0.75;158
73242;0.75;156
73254;0.75;157
73267;0.75;157
73280;0.75;154
73292;0.75;151
73305;0.75;154
73317;0.39;150
73329;0.39;150
73342;0.39;148
73355;0.39;145
73367;0.39;142
73379;0.39;140
73393;0.39;138
73405;0.39;139
73417;0.39;135
73430;0.39;135
73442;0.39;134
73455;0.39;130
73467;0.39;132
73480;0.39;132
73492;0.39;132
73505;0.39;130
73518;0.39;135
73530;0.39;137
73542;0.39;135
73554;0.39;136
73568;0.75;137
73580;0.75;139
73592;0.75;140
73605;0.75;145
73618;0.75;147
73630;0.75;150
73643;0.75;152
73655;0.75;155
73667;0.75;155
73680;0.75;155
73693;0.75;154
73705;0.75;156
73717;0.75;158
73731;0.75;159
73743;0.75;157
73755;0.75;157
73767;0.75;155
73780;0.75;155
73793;0.75;153
73805;0.75;153
73818;0.39;149
73830;0.39;150
73843;0.39;148
73856;0.39;145
73868;0.39;143
73880;0.39;141
73892;0.39;140
73906;0.39;136
73918;0.39;134
73930;0.39;134
73943;0.39;133
73956;0.39;