millis;pwm fill factor;sensor distance in mm
1008;0.00;63
1020;0.69;56
1032;0.69;48
1043;0.69;40
1054;0.69;32
1065;0.53;24
1076;0.53;19
1087;0.53;21
1098;0.53;22
1110;0.53;21
1121;0.53;21
1131;0.53;22
1142;0.53;20
1154;0.53;21
1165;0.53;20
1175;0.53;21
1186;0.53;21
1198;0.53;19
1209;0.53;20 
1220;0.53;19
1230;0.53;19
1242;0.53;22
1253;0.53;22
1264;0.53;21
1274;0.53;23
1286;0.53;23
1297;0.53;24
1308;0.53;23
1319;0.53;23
1330;0.53;23
1341;0.53;24
1352;0.53;25
1363;0.53;28
1374;0.53;25
1385;0.53;28
1396;0.53;28
1408;0.53;30
1419;0.53;31
1429;0.53;33
1440;0.53;33
1452;0.53;36
1463;0.53;36
1473;0.53;39
1484;0.53;38
1496;0.53;40
1507;0.53;41
1518;0.53;45
1528;0.53;48
1540;0.53;46
1551;0.53;49
1562;0.69;50
1572;0.69;50
1584;0.69;55
1596;0.69;55
1607;0.69;57
1619;0.69;58
1631;0.69;60
1644;0.69;58
1656;0.69;60
1668;0.69;61
1680;0.69;66
1691;0.69;65
1703;0.69;65
1715;0.69;64
1727;0.69;66
1738;0.69;66
1750;0.69;68
1762;0.69;65
1773;0.69;64
1785;0.69;66
1797;0.69;65
1809;0.69;65
1820;0.69;66
1832;0.69;64
1844;0.69;64
1855;0.69;62
1867;0.69;62
1879;0.69;58
1891;0.69;56
1902;0.69;55
1914;0.69;56
1926;0.69;54
1937;0.69;52
1948;0.69;52
1958;0.69;47
1970;0.69;45
1981;0.69;43
1992;0.69;42
2003;0.69;38
2014;0.69;35
2025;0.69;34
2036;0.69;31
2048;0.69;30
2058;0.53;28
2069;0.53;24
2080;0.53;19
2092;0.53;21
2103;0.53;19
2113;0.53;22
2124;0.53;21
2136;0.53;23
2147;0.53;23
2157;0.53;21
2168;0.53;21
2180;0.53;21
2191;0.53;22
2202;0.53;22
2212;0.53;22
2224;0.53;23
2235;0.53;20
2246;0.53;23
2256;0.53;23
2268;0.53;24
2279;0.53;25
2290;0.53;22 
2301;0.53;26
2312;0.53;24
2323;0.53;24
2334;0.53;27
2345;0.53;26
2356;0.53;28
2367;0.53;30
2378;0.53;29
2390;0.53;30
2401;0.53;33
2411;0.53;35
2422;0.53;35
2434;0.53;37
2445;0.53;40
2455;0.53;41
2466;0.53;45
2478;0.53;43
2489;0.53;47
2500;0.53;49
2510;0.53;50
2522;0.53;53
2533;0.53;53
2544;0.53;55
2556;0.53;53
2568;0.69;59
2580;0.69;59
2591;0.69;60
2604;0.69;63
2615;0.69;66
2626;0.69;66
2638;0.69;67
2650;0.69;69
2662;0.69;72
2673;0.69;73
2685;0.69;75
2697;0.69;73
2709;0.69;72
2720;0.69;75
2732;0.69;75
2744;0.69;77
2755;0.69;76
2767;0.69;77
2779;0.69;77
2791;0.69;75
2802;0.69;75
2814;0.69;72
2826;0.69;73
2837;0.69;71
2849;0.69;72
2861;0.69;70
2873;0.69;70
2884;0.69;65
2896;0.69;64
2908;0.69;63 
2920;0.69;61
2931;0.69;58
2942;0.69;56
2955;0.69;55
2966;0.69;53
2978;0.69;51 
2990;0.69;48
3000;0.69;45
3011;0.69;44
3022;0.69;39
3034;0.69;38
3044;0.69;35
3055;0.69;32
3066;0.53;28
3078;0.53;26
3089;0.53;23
3099;0.53;21
3110;0.53;22
3122;0.53;23
3133;0.53;22
3143;0.53;24
3154;0.53;25
3166;0.53;25
3177;0.53;23
3188;0.53;24
3198;0.53;26
3210;0.53;26
3221;0.53;25
3232;0.53;25
3243;0.53;27
3254;0.53;24
3265;0.53;26
3276;0.53;27
3288;0.53;26
3298;0.53;28
3309;0.53;27
3320;0.53;30
3332;0.53;30
3342;0.53;29
3353;0.53;28
3364;0.53;32
3376;0.53;34 
3387;0.53;36
3397;0.53;36
3408;0.53;39
3420;0.53;38
3431;0.53;41
3441;0.53;44
3452;0.53;45
3464;0.53;46
3475;0.53;47
3486;0.53;48
3496;0.53;50
3508;0.53;54
3519;0.53;53
3530;0.53;55
3543;0.53;57
3554;0.53;57
3566;0.69;59
3577;0.69;64
3590;0.69;61
3601;0.69;65
3612;0.69;67
3624;0.69;69
3636;0.69;68
3648;0.69;70
3659;0.69;71
3672;0.69;74
3683;0.69;73
3695;0.69;75
3706;0.69;75
3718;0.69;76
3730;0.69;77
3741;0.69;76
3753;0.69;75
3765;0.69;79
3777;0.69;78
3788;0.69;76 
3801;0.69;80
3812;0.69;76
3823;0.69;75
3835;0.69;75
3847;0.69;74
3859;0.69;70
3870;0.69;71
3883;0.69;69
3894;0.69;68
3906;0.69;65
3917;0.69;64
3929;0.69;61
3941;0.69;60
3952;0.69;59
3964;0.69;58
3976;0.69;55
3988;0.69;53
3999;0.69;51
4011;0.69;48
4022;0.69;46
4032;0.69;46
4043;0.69;42
4055;0.69;42
4066;0.53;37
4077;0.53;34
4087;0.53;29
4099;0.53;28
4110;0.53;29
4121;0.53;23
4131;0.53;23
4143;0.53;21
4154;0.53;20
4165;0.53;22
4176;0.53;23
4187;0.53;23
4198;0.53;25
4209;0.53;26
4220;0.53;24
4231;0.53;24
4242;0.53;25
4253;0.53;23
4264;0.53;24 
4276;0.53;23
4286;0.53;24
4297;0.53;25
4308;0.53;24
4320;0.53;23
4330;0.53;25
4341;0.53;26
4353;0.53;24
4364;0.53;26
4375;0.53;26
4385;0.53;25
4397;0.53;27
4408;0.53;29
4419;0.53;29
4429;0.53;30
4441;0.53;30
4452;0.53;31
4463;0.53;35
4474;0.53;37
4485;0.53;40
4496;0.53;40
4507;0.53;40
4518;0.53;44
4531;0.53;43
4542;0.53;46
4553;0.53;48
4564;0.69;50
4576;0.69;51
4586;0.69;53
4598;0.69;53
4610;0.69;54
4621;0.69;57
4632;0.69;58
4644;0.69;59
4656;0.69;58
4668;0.69;60
4679;0.69;61
4691;0.69;61
4703;0.69;60
4715;0.69;59
4726;0.69;60
4738;0.69;61
4750;0.69;63
4761;0.69;62
4773;0.69;62
4785;0.69;59
4797;0.69;57
4808;0.69;56 
4820;0.69;56
4832;0.69;53
4843;0.69;51
4855;0.69;51
4867;0.69;54
4878;0.69;50
4889;0.69;49
4900;0.69;46
4911;0.69;44
4922;0.69;44
4933;0.69;42
4944;0.69;39 
4956;0.69;35
4966;0.69;33
4977;0.69;31
4988;0.69;27
5000;0.69;25
5010;0.69;21
5021;0.69;21
5032;0.69;21
5044;0.69;20
5055;0.69;22
5065;0.53;22
5076;0.53;21
5088;0.53;22
5099;0.53;22
5109;0.53;22
5121;0.53;21
5132;0.53;22
5143;0.53;21
5154;0.53;22
5165;0.53;20
5176;0.53;20
5187;0.53;21
5198;0.53;22
5209;0.53;20
5220;0.53;22
5231;0.53;21
5242;0.53;22
5254;0.53;25
5264;0.53;24
5275;0.53;25
5286;0.53;22
5298;0.53;26
5308;0.53;27
5319;0.53;28
5330;0.53;29
5342;0.53;29 
5353;0.53;32
5363;0.53;35
5374;0.53;36
5386;0.53;35
5397;0.53;37
5407;0.53;39
5419;0.53;41
5430;0.53;42
5441;0.53;43
5452;0.53;45
5463;0.53;47
5474;0.53;48
5485;0.53;51
5496;0.53;53
5508;0.53;53
5520;0.53;55
5531;0.53;58
5542;0.53;60
5555;0.53;61
5566;0.69;61
5578;0.69;65
5590;0.69;66
5602;0.69;68
5613;0.69;67
5625;0.69;71
5637;0.69;73
5648;0.69;75
5660;0.69;75
5671;0.69;76
5684;0.69;75
5695;0.69;77
5707;0.69;76
5719;0.69;76
5731;0.69;76
5742;0.69;76
5753;0.69;74
5766;0.69;75
5777;0.69;73
5789;0.69;74
5800;0.69;73
5813;0.69;70
5824;0.69;69 
5836;0.69;67
5848;0.69;64
5859;0.69;67
5871;0.69;62
5882;0.69;59
5895;0.69;59
5906;0.69;53
5918;0.69;54
5929;0.69;50
5941;0.69;48
5952;0.69;46
5962;0.69;45
5974;0.69;43
5985;0.69;37
5996;0.69;37
6007;0.69;34
6018;0.69;32
6029;0.69;27
6040;0.69;26
6051;0.69;24
6062;0.53;21
6073;0.53;21
6084;0.53;23
6095;0.53;23 
6107;0.53;23
6117;0.53;23
6128;0.53;25
6139;0.53;21
6151;0.53;21
6161;0.53;20
6172;0.53;22
6183;0.53;22
6195;0.53;21
6206;0.53;22
6216;0.53;19
6227;0.53;22
6239;0.53;21
6250;0.53;23
6260;0.53;23
6272;0.53;24
6283;0.53;24
6294;0.53;24
6305;0.53;22
6316;0.53;23
6327;0.53;26
6338;0.53;26
6349;0.53;26
6360;0.53;29
6371;0.53;29
6382;0.53;33
6393;0.53;33
6405;0.53;36
6415;0.53;39
6426;0.53;41
6437;0.53;41
6449;0.53;44
6459;0.53;48
6470;0.53;49
6481;0.53;52
6493;0.53;52 
6504;0.53;53
6515;0.53;56
6526;0.53;58
6539;0.53;60
6550;0.53;61
6562;0.69;63
6574;0.69;65
6586;0.69;67
6597;0.69;73
6609;0.69;73
6621;0.69;75
6632;0.69;76
6644;0.69;79
6656;0.69;79
6668;0.69;79
6679;0.69;82
6691;0.69;81
6703;0.69;83
6715;0.69;84
6726;0.69;87
6737;0.69;84
6750;0.69;84
6761;0.69;83
6773;0.69;84
6785;0.69;84
6797;0.69;81
6808;0.69;81
6820;0.69;80
6832;0.69;81
6843;0.69;78
6855;0.69;74
6866;0.69;74
6879;0.69;71
6890;0.69;72
6902;0.69;67
6914;0.69;65 
6926;0.69;66
6937;0.69;61
6948;0.69;60
6961;0.69;60
6972;0.69;56
6984;0.69;55
6995;0.69;51
7008;0.69;50
7018;0.69;48
7029;0.69;45
7041;0.69;40
7052;0.69;40
7063;0.53;36
7073;0.53;33
7085;0.53;30
7096;0.53;26
7107;0.53;25
7117;0.53;23
7129;0.53;21
7140;0.53;21
7151;0.53;23
7162;0.53;24
7173;0.53;25
7184;0.53;25
7195;0.53;25
7206;0.53;26
7217;0.53;27
7228;0.53;24
7239;0.53;28
7250;0.53;29 
7262;0.53;30
7272;0.53;28
7283;0.53;30
7294;0.53;29
7306;0.53;29
7316;0.53;31
7327;0.53;32
7339;0.53;33
7350;0.53;33
7361;0.53;34
7371;0.53;36
7383;0.53;35
7394;0.53;38
7405;0.53;42
7417;0.53;44
7429;0.53;45
7440;0.53;46
7451;0.53;49 
7462;0.53;51
7473;0.53;52
7484;0.53;55
7495;0.53;56
7506;0.53;58
7519;0.53;59
7530;0.53;59
7542;0.53;61
7554;0.53;63
7566;0.69;65
7577;0.69;66
7588;0.69;70
7601;0.69;72
7612;0.69;72
7624;0.69;73
7635;0.69;76
7648;0.69;77
7659;0.69;78 
7671;0.69;79
7683;0.69;81
7694;0.69;80
7706;0.69;79
7717;0.69;83
7730;0.69;83
7741;0.69;84
7753;0.69;83
7764;0.69;82
7777;0.69;81
7788;0.69;81
7799;0.69;81
7812;0.69;82
7823;0.69;78
7835;0.69;79
7846;0.69;78
7859;0.69;75
7870;0.69;74
7882;0.69;72
7894;0.69;70
7905;0.69;71
7917;0.69;64
7928;0.69;63
7941;0.69;62
7952;0.69;58
7964;0.69;58
7975;0.69;56
7988;0.69;53
7999;0.69;51
8010;0.69;48
8022;0.69;45
8032;0.69;40
8043;0.69;42
8054;0.69;37
8066;0.53;33
8076;0.53;32
8087;0.53;30
8098;0.53;25
8110;0.53;23
8121;0.53;22
8131;0.53;22
8142;0.53;24
8154;0.53;24
8165;0.53;24
8175;0.53;24
8186;0.53;27
8198;0.53;26
8209;0.53;25 
8220;0.53;25
8230;0.53;28
8242;0.53;25
8253;0.53;25
8264;0.53;24
8274;0.53;26
8286;0.53;27
8297;0.53;26
8308;0.53;28
8320;0.53;28
8330;0.53;31
8341;0.53;32
8352;0.53;33
8364;0.53;32
8374;0.53;34
8385;0.53;35
8396;0.53;34
8408;0.53;38
8419;0.53;40
8429;0.53;41
8440;0.53;44
8452;0.53;43
8463;0.53;47
8473;0.53;48
8484;0.53;50
8496;0.53;51
8507;0.53;52
8518;0.53;56
8528;0.53;58
8541;0.53;61
8552;0.53;60
8564;0.69;63
8576;0.69;60
8588;0.69;63
8599;0.69;66
8610;0.69;67
8623;0.69;70
8634;0.69;71
8646;0.69;72
8657;0.69;75
8670;0.69;74
8681;0.69;79
8693;0.69;79
8705;0.69;76
8716;0.69;78
8728;0.69;81
8739;0.69;79
8752;0.69;78
8763;0.69;77
8775;0.69;76
8786;0.69;75
8799;0.69;76
8810;0.69;75
8821;0.69;73
8834;0.69;71
8845;0.69;68
8857;0.69;68
8868;0.69;69
8881;0.69;67
8892;0.69;64 
8904;0.69;62
8915;0.69;59
8927;0.69;57
8939;0.69;55
8950;0.69;55
8962;0.69;51
8973;0.69;51
8984;0.69;48
8994;0.69;46
9006;0.69;40
9017;0.69;40
9028;0.69;35 
9039;0.69;31
9050;0.69;30
9061;0.53;30
9072;0.53;23
9083;0.53;22
9094;0.53;21
9105;0.53;23
9116;0.53;23
9127;0.53;25
9139;0.53;23
9149;0.53;25
9160;0.53;26
9171;0.53;25
9183;0.53;25
9193;0.53;25
9204;0.53;25
9216;0.53;26
9227;0.53;28
9238;0.53;26
9248;0.53;28
9260;0.53;27
9271;0.53;26
9282;0.53;30
9292;0.53;29
9304;0.53;29
9315;0.53;33
9326;0.53;31
9337;0.53;36
9348;0.53;34
9359;0.53;36
9370;0.53;37
9381;0.53;38
9392;0.53;41
9403;0.53;41
9414;0.53;46
9425;0.53;46 
9437;0.53;48
9447;0.53;46
9458;0.53;50
9469;0.53;51
9481;0.53;52
9491;0.53;57
9503;0.53;57
9515;0.53;58
9527;0.53;59
9538;0.53;60
9550;0.53;61
9562;0.69;62
9574;0.69;64
9585;0.69;69
9596;0.69;70
9609;0.69;69
9620;0.69;73
9632;0.69;72
9644;0.69;76
9656;0.69;75
9667;0.69;77
9679;0.69;79
9691;0.69;76
9702;0.69;82
9714;0.69;85
9725;0.69;81
9738;0.69;79
9749;0.69;80
9761;0.69;78
9773;0.69;79 
9785;0.69;78
9796;0.69;74
9807;0.69;77
9820;0.69;77
9831;0.69;77
9843;0.69;73
9854;0.69;71
9867;0.69;68
9878;0.69;68
9890;0.69;65
9902;0.69;64
9913;0.69;66
9925;0.69;62
9936;0.69;57
9949;0.69;56
9960;0.69;54
9971;0.69;52
9982;0.69;48 
9994;0.69;46
10004;0.69;46
10015;0.69;41
10027;0.69;40
10038;0.69;38
10049;0.69;36
10059;0.53;34
10071;0.53;30
10082;0.53;29
10093;0.53;28
10104;0.53;23
10116;0.53;22
10126;0.53;24
10137;0.53;24
10148;0.53;24
10160;0.53;23
10171;0.53;24 
10182;0.53;24
10192;0.53;25
10204;0.53;27
10215;0.53;26
10226;0.53;28
10237;0.53;29
10249;0.53;29
10259;0.53;30
10270;0.53;30
10281;0.53;30
10293;0.53;28
10304;0.53;30 
10317;0.53;32
10328;0.53;34
10339;0.53;32
10350;0.53;33
10361;0.53;35
10373;0.53;38
10384;0.53;37
10394;0.53;37
10405;0.53;42
10417;0.53;39
10428;0.53;43
10439;0.53;44
10450;0.53;46
10461;0.53;46
10472;0.53;49
10483;0.53;50
10494;0.53;50
10506;0.53;52
10517;0.53;53
10527;0.53;54
10539;0.53;54
10550;0.53;56
10562;0.69;57
10573;0.69;60
10586;0.69;60
10597;0.69;62
10609;0.69;63
10620;0.69;64 
10633;0.69;66
10644;0.69;66
10656;0.69;67
10668;0.69;67
10680;0.69;71
10691;0.69;68
10703;0.69;67
10715;0.69;68 
10727;0.69;69
10738;0.69;64
10750;0.69;66
10762;0.69;66
10774;0.69;64
10785;0.69;63
10798;0.69;62
10809;0.69;63 
10821;0.69;61
10832;0.69;61
10845;0.69;62
10856;0.69;57
10868;0.69;58
10880;0.69;58
10892;0.69;57
10903;0.69;56
10914;0.69;52
10926;0.69;51
10937;0.69;49
10947;0.69;50
10958;0.69;48
10970;0.69;45
10981;0.69;41
10992;0.69;39
11003;0.69;38
11014;0.69;36
11025;0.69;34
11036;0.69;32
11047;0.69;30
11059;0.53;27
11070;0.53;26
11080;0.53;22
11091;0.53;23
11103;0.53;24
11114;0.53;24
11125;0.53;23 
11137;0.53;23
11147;0.53;25
11158;0.53;25
11169;0.53;25
11181;0.53;26
11192;0.53;24
11203;0.53;26
11213;0.53;27
11225;0.53;25
11236;0.53;25
11247;0.53;27
11258;0.53;26
11270;0.53;25
11280;0.53;25
11291;0.53;27
11302;0.53;27
11314;0.53;28
11325;0.53;29
11336;0.53;29
11346;0.53;29
11358;0.53;30
11369;0.53;31
11380;0.53;33
11392;0.53;33 
11403;0.53;35
11413;0.53;36
11424;0.53;38
11436;0.53;38
11447;0.53;40
11458;0.53;41
11469;0.53;40
11480;0.53;44
11491;0.53;45
11502;0.53;46
11513;0.53;47
11525;0.53;51
11536;0.53;48
11546;0.53;52
11557;0.53;55
11569;0.69;55
11580;0.69;56
11591;0.69;58
11602;0.69;59
11615;0.69;63
11626;0.69;64
11638;0.69;64
11650;0.69;67
11662;0.69;67
11673;0.69;66
11685;0.69;69
11697;0.69;71
11709;0.69;67
11720;0.69;68
11732;0.69;71
11744;0.69;69
11756;0.69;71
11767;0.69;71
11780;0.69;73
11791;0.69;72
11803;0.69;72
11814;0.69;68
11827;0.69;69
11838;0.69;69
11850;0.69;66
11862;0.69;67
11874;0.69;66
11885;0.69;62
11897;0.69;62
11909;0.69;62
11921;0.69;61
11932;0.69;58
11943;0.69;55 
11956;0.69;53
11966;0.69;51
11977;0.69;48
11988;0.69;47
12000;0.69;46
12011;0.69;43
12022;0.69;40
12033;0.69;37
12044;0.69;35
12055;0.69;33
12066;0.53;28
12078;0.53;28
12089;0.53;25
12099;0.53;23
12110;0.53;22
12122;0.53;22
12133;0.53;23
12144;0.53;26
12155;0.53;24
12166;0.53;26
12177;0.53;28
12188;0.53;25
12199;0.53;26
12211;0.53;26 
12222;0.53;26
12232;0.53;27
12243;0.53;28
12255;0.53;27
12266;0.53;27
12277;0.53;28
12289;0.53;27
12299;0.53;30
12310;0.53;30
12321;0.53;30
12333;0.53;31
12344;0.53;32
12355;0.53;32
12365;0.53;37
12377;0.53;37
12388;0.53;37
12399;0.53;37
12410;0.53;40
12422;0.53;42
12432;0.53;43
12443;0.53;45
12454;0.53;46
12466;0.53;51
12477;0.53;52 
12488;0.53;50
12498;0.53;53
12510;0.53;56
12521;0.53;56 
12533;0.53;56
12545;0.53;61
12557;0.53;61
12568;0.69;63
12580;0.69;65
12592;0.69;67
12604;0.69;72
12615;0.69;70 
12627;0.69;72
12639;0.69;74
12651;0.69;75
12662;0.69;76
12675;0.69;78
12686;0.69;79
12698;0.69;80
12709;0.69;82 
12722;0.69;81
12733;0.69;79
12745;0.69;83
12756;0.69;81
12769;0.69;80
12780;0.69;82
12792;0.69;80
12804;0.69;80 
12816;0.69;78
12827;0.69;76
12839;0.69;77
12851;0.69;78
12863;0.69;76
12874;0.69;71
12887;0.69;74
12898;0.69;68 
12910;0.69;68
12921;0.69;68
12934;0.69;64
12945;0.69;64
12957;0.69;61
12968;0.69;59
12981;0.69;57
12992;0.69;53 
13004;0.69;53
13015;0.69;49
13026;0.69;49
13037;0.69;46
13048;0.69;45
13060;0.53;42
13071;0.53;39
13081;0.53;38
13092;0.53;35
13104;0.53;31
13115;0.53;29
13126;0.53;27
13137;0.53;25
13148;0.53;22
13159;0.53;22
13170;0.53;23
13181;0.53;22
13193;0.53;23
13204;0.53;23
13216;0.53;26
13228;0.53;26
13239;0.53;27
13250;0.53;23
13261;0.53;28
13273;0.53;26
13283;0.53;28
13294;0.53;27
13305;0.53;29
13317;0.53;30
13328;0.53;30
13339;0.53;30
13349;0.53;33
13361;0.53;32
13372;0.53;34
13383;0.53;36
13394;0.53;36 
13406;0.53;38
13416;0.53;40
13427;0.53;42
13438;0.53;45
13450;0.53;45
13461;0.53;46
13472;0.53;48
13483;0.53;53
13494;0.53;55
13505;0.53;53
13516;0.53;55
13528;0.53;58
13539;0.53;59
13551;0.53;63
13562;0.69;64
13575;0.69;69
13586;0.69;67
13598;0.69;67
13609;0.69;73
13622;0.69;75
13633;0.69;77
13645;0.69;79
13657;0.69;80
13669;0.69;83
13680;0.69;80
13692;0.69;81
13704;0.69;81
13716;0.69;82
13727;0.69;85
13740;0.69;83
13751;0.69;88
13763;0.69;84
13774;0.69;86
13787;0.69;87
13798;0.69;84
13810;0.69;85
13821;0.69;83
13834;0.69;83
13845;0.69;84
13857;0.69;80
13869;0.69;82
13881;0.69;80
13892;0.69;78
13904;0.69;75
13916;0.69;74
13928;0.69;73
13939;0.69;69
13952;0.69;68
13963;0.69;64
13975;0.69;65
13986;0.69;65
13999;0.69;62
14010;0.69;58
14022;0.69;57
14033;0.69;55
14045;0.69;54
14056;0.69;50
14067;0.53;49
14078;0.53;45
14089;0.53;46
14100;0.53;41
14111;0.53;38
14123;0.53;37
14134;0.53;34
14145;0.53;32
14155;0.53;31
14167;0.53;30
14178;0.53;25
14189;0.53;26
14200;0.53;23
14212;0.53;24
14222;0.53;20
14233;0.53;20
14244;0.53;20
14256;0.53;23
14267;0.53;22 
14278;0.53;22
14288;0.53;26
14300;0.53;25
14311;0.53;26
14322;0.53;27
14333;0.53;29
14345;0.53;29
14355;0.53;28
14366;0.53;31
14377;0.53;34
14389;0.53;31
14400;0.53;33
14411;0.53;36
14422;0.53;36
14433;0.53;38
14444;0.53;41
14455;0.53;41
14467;0.53;44
14478;0.53;45
14488;0.53;49
14499;0.53;49
14511;0.53;53
14522;0.53;53
14533;0.53;57
14544;0.53;56
14556;0.53;60
14568;0.69;60
14579;0.69;63
14592;0.69;65
14603;0.69;67
14615;0.69;68
14626;0.69;70 
14639;0.69;71
14650;0.69;75
14662;0.69;74
14673;0.69;75
14686;0.69;78
14697;0.69;79
14709;0.69;78
14721;0.69;79 
14733;0.69;78
14744;0.69;79
14756;0.69;78
14768;0.69;80
14780;0.69;79
14791;0.69;77
14803;0.69;77
14815;0.69;77 
14827;0.69;77
14838;0.69;74
14851;0.69;74
14862;0.69;74
14874;0.69;70
14885;0.69;66
14898;0.69;66
14909;0.69;66 
14921;0.69;66
14932;0.69;63
14945;0.69;61
14956;0.69;59
14968;0.69;58
14980;0.69;58
14992;0.69;56
15002;0.69;54
15013;0.69;51
15025;0.69;50
15036;0.69;47
15047;0.69;44
15058;0.69;41
15069;0.53;38
15080;0.53;37
15091;0.53;35
15102;0.53;30
15114;0.53;30
15125;0.53;25
15135;0.53;24
15147;0.53;21
15158;0.53;22
15169;0.53;26
15180;0.53;26 
15192;0.53;25
15202;0.53;26
15213;0.53;26
15224;0.53;24
15236;0.53;26
15247;0.53;29
15258;0.53;28
15268;0.53;27
15280;0.53;28
15291;0.53;30
15302;0.53;29
15313;0.53;30
15325;0.53;30
15335;0.53;29
15346;0.53;32
15357;0.53;33
15369;0.53;35
15380;0.53;34
15391;0.53;38
15401;0.53;38
15413;0.53;42
15424;0.53;42
15435;0.53;43
15447;0.53;45 
15458;0.53;45
15468;0.53;50
15479;0.53;50
15491;0.53;53
15502;0.53;56
15513;0.53;55
15524;0.53;57
15536;0.53;59 
15548;0.53;58
15559;0.69;59
15571;0.69;63
15583;0.69;65
15595;0.69;67
15606;0.69;66
15619;0.69;69
15630;0.69;70 
15642;0.69;72
15653;0.69;75
15666;0.69;73
15677;0.69;77
15689;0.69;74
15700;0.69;77
15713;0.69;78
15724;0.69;78 
15736;0.69;78
15748;0.69;78
15760;0.69;77
15771;0.69;79
15783;0.69;78
15795;0.69;77
15807;0.69;77
15818;0.69;77 
15831;0.69;74
15842;0.69;73
15854;0.69;71
15865;0.69;72
15878;0.69;71
15889;0.69;71
15901;0.69;67
15912;0.69;65 
15925;0.69;65
15936;0.69;63
15948;0.69;63
15960;0.69;61
15972;0.69;58
15983;0.69;59
15995;0.69;56
16007;0.69;54
16018;0.69;53
16029;0.69;49
16040;0.69;52
16051;0.69;48
16062;0.53;46
16073;0.53;44
16084;0.53;44
16096;0.53;41
16107;0.53;40
16117;0.53;39
16131;0.53;40
16142;0.53;34
16153;0.53;34
16164;0.53;36
16176;0.53;35
16186;0.53;34
16197;0.53;32
16208;0.53;32
16220;0.53;33
16231;0.53;32
16242;0.53;33
16252;0.53;31
16264;0.53;33
16275;0.53;34
16286;0.53;33
16297;0.53;34
16309;0.53;34
16319;0.53;35
16330;0.53;37
16342;0.53;37
16353;0.53;38
16364;0.53;40 
16375;0.53;44
16386;0.53;45
16397;0.53;46
16408;0.53;46
16419;0.53;50
16431;0.53;50
16442;0.53;51
16452;0.53;54
16463;0.53;55
16475;0.53;58
16487;0.53;58
16498;0.53;61 
16510;0.53;62
16522;0.53;65
16534;0.53;66
16545;0.53;65
16558;0.53;69
16569;0.69;71
16581;0.69;72
16592;0.69;73 
16605;0.69;76
16616;0.69;78
16628;0.69;80
16640;0.69;80
16652;0.69;80
16663;0.69;83
16675;0.69;82
16687;0.69;84 
16699;0.69;83
16710;0.69;84
16722;0.69;83
16734;0.69;84
16746;0.69;87
16757;0.69;83
16770;0.69;85
16781;0.69;85 
16793;0.69;84
16804;0.69;80
16817;0.69;85
16828;0.69;82
16840;0.69;78
16851;0.69;77
16864;0.69;76
16875;0.69;75 
16887;0.69;74
16899;0.69;71
16911;0.69;70
16922;0.69;70
16934;0.69;71
16946;0.69;67
16958;0.69;65
16969;0.69;65 
16982;0.69;60
16993;0.69;61
17005;0.69;60
17016;0.69;58
17029;0.69;55
17040;0.69;55
17052;0.69;53
17062;0.53;53
17074;0.53;52
17085;0.53;51
17096;0.53;48
17107;0.53;47
17119;0.53;47
17129;0.53;45
17140;0.53;43
17152;0.53;42
17163;0.53;42
17174;0.53;40
17185;0.53;39
17196;0.53;38
17207;0.53;39
17218;0.53;38
17229;0.53;38
17241;0.53;37 
17252;0.53;35
17262;0.53;36
17273;0.53;35
17285;0.53;34
17296;0.53;35
17307;0.53;36
17318;0.53;35
17329;0.53;37
17340;0.53;36
17351;0.53;35
17362;0.53;37
17374;0.53;37
17385;0.53;37
17395;0.53;41
17406;0.53;43
17418;0.53;43
17429;0.53;46
17440;0.53;46
17452;0.53;49
17462;0.53;50
17473;0.53;51
17484;0.53;55
17496;0.53;55
17507;0.53;58
17518;0.53;57
17530;0.53;61
17542;0.53;62
17554;0.53;63
17565;0.69;66
17577;0.69;66
17589;0.69;71
17601;0.69;72
17612;0.69;75
17625;0.69;77
17636;0.69;77
17648;0.69;79
17659;0.69;81
17672;0.69;80
17683;0.69;84
17695;0.69;83
17707;0.69;83
17719;0.69;84
17730;0.69;84
17742;0.69;85
17754;0.69;86
17766;0.69;84
17777;0.69;81
17789;0.69;82
17801;0.69;80
17813;0.69;77
17824;0.69;79
17837;0.69;76
17848;0.69;73
17860;0.69;71
17871;0.69;71
17884;0.69;69
17895;0.69;65
17907;0.69;63
17918;0.69;62
17931;0.69;62
17942;0.69;57
17954;0.69;54
17966;0.69;51
17977;0.69;52
17988;0.69;50
17999;0.69;44
18011;0.69;41
18021;0.69;38
18032;0.69;38
18043;0.69;34
18055;0.69;31
18066;0.53;28
18077;0.53;24
18087;0.53;22
18099;0.53;21
18110;0.53;23
18121;0.53;23
18132;0.53;24
18144;0.53;23
18154;0.53;25
18165;0.53;24
18177;0.53;25
18188;0.53;25
18199;0.53;25
18210;0.53;25
18221;0.53;23
18232;0.53;25
18243;0.53;24
18254;0.53;28
18266;0.53;26
18277;0.53;28
18287;0.53;27
18298;0.53;31
18310;0.53;33
18321;0.53;31
18332;0.53;32
18343;0.53;33
18354;0.53;35
18365;0.53;35
18376;0.53;37
18387;0.53;39
18399;0.53;39
18410;0.53;43
18420;0.53;42
18432;0.53;43
18443;0.53;45
18454;0.53;48
18465;0.53;47 
18477;0.53;48
18487;0.53;51
18498;0.53;51
18509;0.53;55
18521;0.53;55
18532;0.53;57
18543;0.53;59
18555;0.53;58
18567;0.69;57
18579;0.69;65
18590;0.69;65
18603;0.69;65
18614;0.69;65
18626;0.69;68
18637;0.69;73
18650;0.69;69
18661;0.69;72
18673;0.69;75
18684;0.69;74
18697;0.69;75
18708;0.69;76
18720;0.69;78
18732;0.69;77
18744;0.69;76
18755;0.69;75
18767;0.69;74
18779;0.69;73
18791;0.69;76
18802;0.69;74
18814;0.69;75
18826;0.69;70
18838;0.69;70
18849;0.69;69
18862;0.69;68
18873;0.69;67
18885;0.69;66
18896;0.69;67
18909;0.69;63
18920;0.69;61
18932;0.69;58
18944;0.69;57
18956;0.69;56
18967;0.69;56
18978;0.69;52
18990;0.69;50
19001;0.69;48
19012;0.69;45
19022;0.69;45
19034;0.69;41
19047;0.69;39
19058;0.69;34
19069;0.53;35
19081;0.53;32
19091;0.53;31
19102;0.53;30
19113;0.53;25
19125;0.53;24
19136;0.53;23
19147;0.53;22
19158;0.53;23
19169;0.53;23
19180;0.53;23
19191;0.53;23
19203;0.53;23
19214;0.53;24
19224;0.53;24
19235;0.53;25
19247;0.53;25
19258;0.53;24
19269;0.53;24
19280;0.53;25
19291;0.53;27
19302;0.53;28
19313;0.53;26
19324;0.53;28
19336;0.53;28
19347;0.53;30
19357;0.53;32
19368;0.53;34
19380;0.53;33
19391;0.53;36
19402;0.53;39
19414;0.53;36
19424;0.53;39
19435;0.53;37
19446;0.53;41
19458;0.53;43
19469;0.53;47
19480;0.53;44
19490;0.53;48
19502;0.53;48
19513;0.53;49
19524;0.53;51
19535;0.53;52
19547;0.53;54
19557;0.53;56
19569;0.69;59
19580;0.69;59
19592;0.69;60
19604;0.69;64
19615;0.69;62
19628;0.69;63
19639;0.69;65
19651;0.69;66
19662;0.69;69
19675;0.69;67
19686;0.69;68
19698;0.69;69
19709;0.69;70
19722;0.69;69
19733;0.69;70
19745;0.69;71
19757;0.69;71
19769;0.69;70
19780;0.69;68
19792;0.69;66
19804;0.69;68
19816;0.69;66
19827;0.69;64
19840;0.69;63
19851;0.69;61
19863;0.69;58
19874;0.69;58
19887;0.69;57
19898;0.69;56
19909;0.69;51
19920;0.69;51
19932;0.69;48
19943;0.69;45
19953;0.69;44
19964;0.69;43
19976;0.69;40
19987;0.69;38
19998;0.69;37
20009;0.69;33
20020;0.69;32
20031;0.69;27
20042;0.69;27
20054;0.69;25
20065;0.53;23
20076;0.53;21
20086;0.53;23
20098;0.53;25
20109;0.53;22
20120;0.53;22
20131;0.53;24
20143;0.53;24
20153;0.53;24
20164;0.53;24
20175;0.53;23
20187;0.53;24
20198;0.53;24
20209;0.53;25
20219;0.53;24
20231;0.53;25
20242;0.53;28
20253;0.53;28
20264;0.53;29
20276;0.53;30
20286;0.53;32
20297;0.53;33
20308;0.53;35
20320;0.53;36
20331;0.53;37
20342;0.53;40
20353;0.53;40
20364;0.53;42
20375;0.53;41
20386;0.53;46
20398;0.53;46
20409;0.53;49
20419;0.53;50
20430;0.53;51
20442;0.53;52
20453;0.53;57
20464;0.53;57
20475;0.53;59
20488;0.53;62
20499;0.53;64
20511;0.53;64
20523;0.53;66
20535;0.53;68
20546;0.53;72
20558;0.53;72
20570;0.69;74
20582;0.69;79
20593;0.69;79
20605;0.69;82
20617;0.69;83
20629;0.69;83
20640;0.69;84
20653;0.69;88
20664;0.69;90
20676;0.69;90
20687;0.69;90
20700;0.69;91
20711;0.69;92
20723;0.69;93
20734;0.69;90
20747;0.69;93
20758;0.69;92
20770;0.69;91
20782;0.69;91
20794;0.69;88
20805;0.69;88
20817;0.69;86
20829;0.69;86
20841;0.69;85
20852;0.69;82
20865;0.69;80
20876;0.69;78
20888;0.69;77
20899;0.69;72
20912;0.69;72
20923;0.69;69
20935;0.69;66
20946;0.69;65
20959;0.69;61
20970;0.69;60
20982;0.69;55
20994;0.69;54
21005;0.69;49
21016;0.69;47
21027;0.69;43
21039;0.69;42
21049;0.69;38
21060;0.53;35
21071;0.53;33
21083;0.53;29
21094;0.53;24
21105;0.53;22
21115;0.53;22
21127;0.53;22
21138;0.53;24
21149;0.53;24
21160;0.53;22
21172;0.53;23
21182;0.53;24
21193;0.53;23
21204;0.53;24
21216;0.53;25
21227;0.53;23
21238;0.53;23
21249;0.53;25
21260;0.53;25
21271;0.53;26
21282;0.53;28
21294;0.53;27
21305;0.53;28
21315;0.53;29
21326;0.53;31
21338;0.53;33
21349;0.53;34
21360;0.53;34
21371;0.53;37
21382;0.53;36
21393;0.53;39
21404;0.53;41
21415;0.53;42
21427;0.53;45
21438;0.53;44
21448;0.53;47
21459;0.53;49
21471;0.53;52
21482;0.53;53
21493;0.53;55
21505;0.53;57
21515;0.53;60
21527;0.53;60
21538;0.53;63
21551;0.53;63
21562;0.69;68
21574;0.69;68
21585;0.69;71
21598;0.69;75
21609;0.69;74
21621;0.69;79
21633;0.69;78
21645;0.69;82
21656;0.69;82
21668;0.69;80
21680;0.69;84
21692;0.69;83
21703;0.69;84
21715;0.69;85
21727;0.69;86
21739;0.69;86
21750;0.69;87
21763;0.69;86
21774;0.69;88
21786;0.69;84
21797;0.69;84
21810;0.69;85
21821;0.69;85
21833;0.69;81
21844;0.69;79
21857;0.69;78
21868;0.69;74
21880;0.69;73
21892;0.69;74
21904;0.69;71
21915;0.69;69
21927;0.69;67
21939;0.69;64
21953;0.69;64
21964;0.69;62
21977;0.69;60
21988;0.69;58
22000;0.69;57
22011;0.69;53
22023;0.69;54
22034;0.69;51
22045;0.69;48
22056;0.69;47
22068;0.53;43
22078;0.53;42
22089;0.53;38
22100;0.53;36
22112;0.53;35
22123;0.53;34
22134;0.53;31
22145;0.53;30
22156;0.53;28
22167;0.53;28
22178;0.53;25
22190;0.53;24
22201;0.53;24
22211;0.53;23
22222;0.53;24
22234;0.53;25
22245;0.53;25
22256;0.53;25
22267;0.53;26
22278;0.53;25
22289;0.53;26
22300;0.53;27
22311;0.53;26
22323;0.53;27
22334;0.53;28
22344;0.53;33
22355;0.53;33
22367;0.53;37
22378;0.53;37
22389;0.53;39
22401;0.53;42
22411;0.53;42
22422;0.53;48
22433;0.53;50
22445;0.53;51
22456;0.53;54
22467;0.53;55
22477;0.53;57
22490;0.53;59
22501;0.53;62
22513;0.53;63
22524;0.53;67
22537;0.53;68
22548;0.53;70
22560;0.69;76
22572;0.69;76
22584;0.69;80
22595;0.69;79
22607;0.69;82
22619;0.69;84
22631;0.69;86
22642;0.69;88
22654;0.69;91
22666;0.69;93
22678;0.69;92
22689;0.69;95
22702;0.69;96
22713;0.69;98
22725;0.69;96
22736;0.69;98
22749;0.69;97
22760;0.69;97
22772;0.69;96
22784;0.69;96
22796;0.69;95
22807;0.69;95
22819;0.69;96
22831;0.69;96
22843;0.69;93
22854;0.69;93
22866;0.69;90
22878;0.69;89
22890;0.69;87
22901;0.69;82
22914;0.69;85
22925;0.69;81
22937;0.69;77
22948;0.69;76
22961;0.69;74
22972;0.69;73
22984;0.69;72
22995;0.69;69
23008;0.69;65
23019;0.69;65
23031;0.69;61
23043;0.69;57
23055;0.69;59
23066;0.53;55
23078;0.53;54
23090;0.53;51
23101;0.53;49
23111;0.53;46
23122;0.53;41
23134;0.53;40
23145;0.53;37
23156;0.53;33
23168;0.53;32
23178;0.53;31
23189;0.53;28
23200;0.53;24
23212;0.53;23
23223;0.53;22
23234;0.53;23
23244;0.53;24
23256;0.53;23
23267;0.53;26
23278;0.53;26
23289;0.53;28
23301;0.53;27
23311;0.53;27
23322;0.53;28
23333;0.53;29
23345;0.53;32
23356;0.53;32
23367;0.53;33
23377;0.53;33
23389;0.53;36
23400;0.53;39
23411;0.53;41
23422;0.53;40
23434;0.53;41
23444;0.53;41
23455;0.53;46
23467;0.53;47
23478;0.53;48
23489;0.53;52
23500;0.53;50
23511;0.53;53
23522;0.53;55
23533;0.53;57
23545;0.53;61
23557;0.53;63
23569;0.69;63
23580;0.69;68
23592;0.69;65
23604;0.69;70
23616;0.69;71
23627;0.69;74
23640;0.69;75
23651;0.69;76
23663;0.69;77
23674;0.69;78
23687;0.69;80
23698;0.69;80
23710;0.69;83
23721;0.69;82
23734;0.69;82
23745;0.69;83
23757;0.69;83
23769;0.69;83
23781;0.69;85
23792;0.69;83
23804;0.69;86
23816;0.69;81
23828;0.69;80
23839;0.69;83
23852;0.69;79
23863;0.69;78
23875;0.69;75
23886;0.69;75
23899;0.69;74
23910;0.69;72
23922;0.69;73
23933;0.69;67
23946;0.69;68
23957;0.69;65
23969;0.69;59
23981;0.69;63
23993;0.69;60
24004;0.69;59
24016;0.69;54
24028;0.69;53
24039;0.69;50
24050;0.69;49
24061;0.53;48
24072;0.53;45
24083;0.53;41
24094;0.53;38
24105;0.53;37
24117;0.53;32
24128;0.53;31
24138;0.53;30
24150;0.53;28
24161;0.53;25
24172;0.53;24
24183;0.53;25
24195;0.53;23
24205;0.53;24
24216;0.53;22
24227;0.53;24
24239;0.53;23
24250;0.53;25
24261;0.53;25
24271;0.53;29
24283;0.53;27
24294;0.53;32
24305;0.53;31
24316;0.53;32
24328;0.53;33
24338;0.53;36
24349;0.53;36
24360;0.53;39
24372;0.53;40
24383;0.53;43
24394;0.53;45
24404;0.53;44
24416;0.53;47
24427;0.53;50
24438;0.53;50
24450;0.53;51
24461;0.53;53
24471;0.53;55
24482;0.53;56
24494;0.53;58
24506;0.53;59
24517;0.53;60
24529;0.53;64
24541;0.53;65
24553;0.53;69
24564;0.69;70
24577;0.69;74
24588;0.69;71
24600;0.69;75
24611;0.69;77
24624;0.69;78
24635;0.69;80
24647;0.69;83
24658;0.69;83
24671;0.69;86
24682;0.69;86
24694;0.69;84
24706;0.69;85
24718;0.69;87
24729;0.69;86
24741;0.69;88
24753;0.69;86
24765;0.69;90
24776;0.69;85
24788;0.69;88
24800;0.69;84
24812;0.69;86
24823;0.69;84
24836;0.69;84
24847;0.69;82
24859;0.69;82
24872;0.69;77
24885;0.69;79
24896;0.69;76
24908;0.69;75
24920;0.69;72
24932;0.69;70
24943;0.69;69
24955;0.69;66
24967;0.69;64
24979;0.69;62
24990;0.69;60
25003;0.69;60
25014;0.69;57
25026;0.69;57
25036;0.69;53
25048;0.69;51
25059;0.53;49
25070;0.53;46
25081;0.53;42
25093;0.53;42
25103;0.53;40
25114;0.53;36
25125;0.53;35
25137;0.53;33
25148;0.53;30
25159;0.53;28
25169;0.53;27
25181;0.53;24
25192;0.53;24
25203;0.53;21
25214;0.53;23
25226;0.53;23
25236;0.53;25
25247;0.53;22
25259;0.53;24
25270;0.53;27
25281;0.53;25
25292;0.53;28
25303;0.53;29
25314;0.53;30
25325;0.53;30
25336;0.53;32
25348;0.53;32
25359;0.53;34
25369;0.53;37
25380;0.53;38
25392;0.53;39
25403;0.53;42
25414;0.53;43
25425;0.53;45
25436;0.53;47
25447;0.53;50
25458;0.53;51
25469;0.53;52
25481;0.53;54
25492;0.53;56
25503;0.53;59
25516;0.53;59
25527;0.53;62
25539;0.53;63
25550;0.53;68
25563;0.69;66
25574;0.69;68
25586;0.69;74
25597;0.69;75
25610;0.69;75
25621;0.69;79
25633;0.69;79
25645;0.69;82
25657;0.69;86
25668;0.69;86
25680;0.69;87
25692;0.69;86
25704;0.69;88
25715;0.69;86
25728;0.69;87
25739;0.69;87
25751;0.69;88
25762;0.69;87
25775;0.69;86
25786;0.69;85
25798;0.69;81
25809;0.69;83
25822;0.69;83
25833;0.69;80
25845;0.69;77
25857;0.69;77
25869;0.69;75
25880;0.69;71
25892;0.69;72
25904;0.69;69
25916;0.69;67
25927;0.69;64
25939;0.69;61
25951;0.69;61
25963;0.69;56
25974;0.69;53
25987;0.69;53
25997;0.69;52
26008;0.69;49
26019;0.69;47
26031;0.69;44
26042;0.69;41
26053;0.69;39
26063;0.53;34
26075;0.53;30
26086;0.53;29
26097;0.53;27
26108;0.53;23
26120;0.53;23
26130;0.53;21
26141;0.53;23
26152;0.53;25
26164;0.53;24
26175;0.53;26
26186;0.53;25
26196;0.53;25
26208;0.53;27
26219;0.53;27
26230;0.53;30
26242;0.53;28
26253;0.53;29
26263;0.53;29
26274;0.53;29
26286;0.53;30
26297;0.53;31
26308;0.53;31
26319;0.53;32
26330;0.53;33
26341;0.53;34
26352;0.53;36
26363;0.53;35
26375;0.53;38
26386;0.53;40
26396;0.53;40
26407;0.53;44
26419;0.53;47
26430;0.53;47
26441;0.53;46
26452;0.53;49
26463;0.53;50
26474;0.53;54
26485;0.53;55
26497;0.53;55
26508;0.53;58
26519;0.53;59
26531;0.53;61
26543;0.53;61
26555;0.53;63
26566;0.69;68
26578;0.69;68
26590;0.69;67
26602;0.69;71
26613;0.69;72
26626;0.69;72
26637;0.69;76
26649;0.69;76
26660;0.69;79
26673;0.69;81
26684;0.69;82
26696;0.69;83
26707;0.69;82
26720;0.69;84
26731;0.69;82
26743;0.69;87
26755;0.69;86
26767;0.69;82
26778;0.69;84
26790;0.69;83
26802;0.69;82
26814;0.69;78
26825;0.69;77
26838;0.69;77
26849;0.69;79
26861;0.69;76
26872;0.69;75
26885;0.69;76
26896;0.69;70
26908;0.69;70
26919;0.69;68
26932;0.69;68
26943;0.69;64
26955;0.69;61
26967;0.69;61
26979;0.69;60
26990;0.69;57
27002;0.69;55
27014;0.69;54
27025;0.69;52
27036;0.69;48
27047;0.69;49
27059;0.53;43
27069;0.53;42
27080;0.53;38
27091;0.53;34
27103;0.53;31
27114;0.53;28
27125;0.53;25
27136;0.53;22
27147;0.53;21
27158;0.53;22
27169;0.53;23
27181;0.53;22
27192;0.53;25
27202;0.53;26
27213;0.53;25
27225;0.53;26
27236;0.53;28
27247;0.53;27
27258;0.53;28
27269;0.53;27
27280;0.53;28
27291;0.53;29
27302;0.53;28
27314;0.53;30
27325;0.53;30
27335;0.53;31
27346;0.53;33
27358;0.53;32
27369;0.53;35
27380;0.53;34
27392;0.53;39
27402;0.53;39
27413;0.53;41
27424;0.53;43
27436;0.53;45
27447;0.53;45
27458;0.53;46
27468;0.53;46
27480;0.53;48
27491;0.53;52
27502;0.53;53
27513;0.53;56
27525;0.53;58
27535;0.53;58
27547;0.53;57
27558;0.69;62
27571;0.69;65
27582;0.69;68
27594;0.69;67
27606;0.69;70
27618;0.69;73
27629;0.69;76
27641;0.69;77
27653;0.69;78
27665;0.69;81
27676;0.69;83
27688;0.69;83
27700;0.69;88
27712;0.69;85
27723;0.69;87
27736;0.69;87
27747;0.69;86
27759;0.69;87
27770;0.69;88
27785;0.69;86
27796;0.69;87
27808;0.69;88
27820;0.69;84
27832;0.69;85
27843;0.69;85
27855;0.69;83
27867;0.69;81
27879;0.69;80
27890;0.69;80
27902;0.69;75
27914;0.69;75
27926;0.69;70
27937;0.69;70
27950;0.69;69
27961;0.69;68
27973;0.69;65
27984;0.69;63
27997;0.69;62
28008;0.69;59
28020;0.69;56
28032;0.69;54
28043;0.69;52
28053;0.69;50
28064;0.53;46
28076;0.53;44
28087;0.53;38
28098;0.53;39
28109;0.53;39
28120;0.53;32
28131;0.53;30
28142;0.53;28
28153;0.53;28
28165;0.53;24
28176;0.53;22
28186;0.53;25
28197;0.53;23
28209;0.53;23
28220;0.53;23
28231;0.53;24
28242;0.53;25
28253;0.53;25
28264;0.53;29
28275;0.53;28
28286;0.53;30
28298;0.53;32
28309;0.53;31
28319;0.53;34
28331;0.53;33
28342;0.53;35
28353;0.53;36
28364;0.53;39
28376;0.53;40
28386;0.53;43
28397;0.53;44
28408;0.53;44
28420;0.53;47
28431;0.53;48
28442;0.53;48
28452;0.53;53
28464;0.53;54
28475;0.53;55
28486;0.53;56
28497;0.53;58
28509;0.53;60
28521;0.53;62
28532;0.53;61
28545;0.53;64
28556;0.53;65
28568;0.69;65
28579;0.69;69
28592;0.69;69
28603;0.69;71
28615;0.69;72
28626;0.69;75
28639;0.69;77
28650;0.69;75
28662;0.69;78
28674;0.69;78
28686;0.69;80
28697;0.69;81
28709;0.69;80
28721;0.69;81
28733;0.69;81
28744;0.69;82
28756;0.69;80
28768;0.69;84
28780;0.69;83
28791;0.69;82
28804;0.69;79
28815;0.69;80
28827;0.69;80
28838;0.69;77
28851;0.69;78
28862;0.69;75
28874;0.69;74
28886;0.69;73
28898;0.69;73
28909;0.69;68
28921;0.69;66
28933;0.69;65
28945;0.69;66
28956;0.69;63
28968;0.69;61
28980;0.69;56
28992;0.69;56
29003;0.69;56
29015;0.69;53
29026;0.69;52
29037;0.69;50
29048;0.69;47
29059;0.53;42
29070;0.53;44
29081;0.53;39
29092;0.53;37
29104;0.53;35
29115;0.53;31
29125;0.53;29
29136;0.53;25
29148;0.53;25
29159;0.53;21
29170;0.53;20
29181;0.53;24
29192;0.53;25
29203;0.53;23
29214;0.53;25
29225;0.53;26
29237;0.53;25
29248;0.53;28
29258;0.53;27
29270;0.53;29
29281;0.53;29
29292;0.53;30
29303;0.53;29
29315;0.53;32
29325;0.53;34
29336;0.53;32
29347;0.53;35
29359;0.53;34
29370;0.53;38
29381;0.53;38
29391;0.53;41
29403;0.53;41
29414;0.53;44
29425;0.53;43
29436;0.53;48
29448;0.53;51
29458;0.53;51
29469;0.53;51
29480;0.53;53
29492;0.53;54
29503;0.53;56
29514;0.53;59
29527;0.53;63
29538;0.53;61
29550;0.53;65
29561;0.69;65
29574;0.69;69
29585;0.69;69
29597;0.69;74
29608;0.69;74
29621;0.69;75
29632;0.69;78
29644;0.69;79
29656;0.69;80
29668;0.69;77
29679;0.69;82
29691;0.69;82
29703;0.69;84
29715;0.69;83
29726;0.69;83
29739;0.69;82
29750;0.69;83
29762;0.69;84
29773;0.69;82
29786;0.69;79
29797;0.69;80
29809;0.69;78
29820;0.69;78
29833;0.69;73
29844;0.69;73
29856;0.69;72
29868;0.69;69
29880;0.69;67
29891;0.69;66
29903;0.69;66
29915;0.69;62
29927;0.69;62
29938;0.69;59
29950;0.69;57
29962;0.69;55
29973;0.69;53
29984;0.69;50
29996;0.69;47
30007;0.69;46
30017;0.69;45
30028;0.69;41
30040;0.69;38
30051;0.69;35
30062;0.53;31
30073;0.53;30
30084;0.53;28
30095;0.53;28
30106;0.53;24
30117;0.53;24
30129;0.53;22
30140;0.53;21
30150;0.53;22
30161;0.53;23
30173;0.53;25
30184;0.53;27
30195;0.53;27
30206;0.53;28
30217;0.53;26
30228;0.53;27
30239;0.53;26
30251;0.53;28
30262;0.53;28
30273;0.53;27
30283;0.53;28
30295;0.53;30
30306;0.53;31
30317;0.53;31
30328;0.53;35
30340;0.53;33
30350;0.53;35
30361;0.53;37
30372;0.53;36
30384;0.53;37
30395;0.53;38
30406;0.53;38
30416;0.53;40
30428;0.53;42
30439;0.53;46
30450;0.53;45
30461;0.53;46
30473;0.53;49
30483;0.53;49
30494;0.53;51
30505;0.53;50
30517;0.53;54
30528;0.53;56
30539;0.53;56
30552;0.53;59
30563;0.69;62
30575;0.69;62
30586;0.69;65
30599;0.69;66
30610;0.69;68
30622;0.69;71
30633;0.69;73
30646;0.69;73
30657;0.69;78
30669;0.69;77
30681;0.69;78
30695;0.69;80
30706;0.69;83
30718;0.69;82
30730;0.69;84
30742;0.69;85
30753;0.69;85
30766;0.69;85
30777;0.69;85
30789;0.69;86
30800;0.69;82
30813;0.69;86
30824;0.69;84
30836;0.69;84
30848;0.69;83
30860;0.69;79
30871;0.69;81
30883;0.69;77
30895;0.69;77
30907;0.69;78
30918;0.69;76
30930;0.69;71
30942;0.69;71
30954;0.69;70
30965;0.69;69
30978;0.69;67
30989;0.69;63
31001;0.69;64
31012;0.69;58
31025;0.69;59
31036;0.69;56
31048;0.69;58
31059;0.53;55
31071;0.53;56
31082;0.53;53
31093;0.53;51
31105;0.53;50
31115;0.53;47
31126;0.53;46
31137;0.53;44
31149;0.53;41
31160;0.53;41
31171;0.53;40
31181;0.53;37
31193;0.53;35
31204;0.53;35
31215;0.53;34
31226;0.53;32
31238;0.53;33
31248;0.53;30
31259;0.53;30
31270;0.53;31
31282;0.53;30
31293;0.53;30
31304;0.53;30
31314;0.53;30
31326;0.53;32
31337;0.53;31
31348;0.53;32
31360;0.53;33
31371;0.53;35
31381;0.53;36
31392;0.53;39
31404;0.53;39
31415;0.53;42
31426;0.53;43
31437;0.53;44
31448;0.53;45
31459;0.53;47
31470;0.53;52
31481;0.53;51
31493;0.53;51
31504;0.53;54
31514;0.53;56
31526;0.53;58
31538;0.53;61
31550;0.53;62
31561;0.69;66
31574;0.69;66
31585;0.69;69
31597;0.69;71
31608;0.69;73
31621;0.69;76
31632;0.69;72
31644;0.69;78
31655;0.69;79
31668;0.69;80
31679;0.69;83
31691;0.69;82
31703;0.69;86
31715;0.69;86
31726;0.69;86
31738;0.69;89
31750;0.69;84
31762;0.69;85
31773;0.69;85
31785;0.69;85
31797;0.69;85
31809;0.69;84
31820;0.69;84
31833;0.69;82
31844;0.69;83
31856;0.69;81
31867;0.69;76
31880;0.69;76
31891;0.69;74
31903;0.69;72
31915;0.69;69
31927;0.69;68
31938;0.69;67
31950;0.69;65
31962;0.69;62
31974;0.69;63
31985;0.69;60
31997;0.69;56
32009;0.69;56
32021;0.69;53
32032;0.69;52
32044;0.69;48
32054;0.69;45
32065;0.53;45
32076;0.53;39
32088;0.53;39
32099;0.53;36
32110;0.53;34
32120;0.53;32
32132;0.53;29
32143;0.53;26
32154;0.53;23
32165;0.53;22
32177;0.53;23
32187;0.53;21
32198;0.53;23
32209;0.53;22
32221;0.53;24
32232;0.53;25
32243;0.53;24
32253;0.53;28
32265;0.53;26
32276;0.53;26
32287;0.53;27
32299;0.53;27
32310;0.53;30
32320;0.53;31
32331;0.53;31
32343;0.53;32
32354;0.53;33
32365;0.53;33
32376;0.53;36
32387;0.53;36
32398;0.53;39
32409;0.53;41
32420;0.53;44
32432;0.53;45
32443;0.53;46
32453;0.53;48
32464;0.53;49
32476;0.53;53
32487;0.53;52
32498;0.53;55
32509;0.53;54
32520;0.53;57
32531;0.53;57
32543;0.53;58
32555;0.53;62
32567;0.69;63
32578;0.69;65
32590;0.69;65
32602;0.69;68
32614;0.69;69
32625;0.69;71
32637;0.69;75
32649;0.69;72
32661;0.69;75
32672;0.69;76
32685;0.69;78
32696;0.69;82
32708;0.69;80
32719;0.69;82
32732;0.69;81
32743;0.69;81
32755;0.69;80
32766;0.69;81
32779;0.69;80
32790;0.69;77
32802;0.69;78
32814;0.69;77
32826;0.69;77
32837;0.69;77
32849;0.69;74
32861;0.69;73
32873;0.69;72
32884;0.69;73
32897;0.69;66
32908;0.69;68
32920;0.69;65
32931;0.69;64
32944;0.69;61
32955;0.69;59
32967;0.69;59
32978;0.69;58
32990;0.69;54
33001;0.69;54
33012;0.69;50
33024;0.69;46
33034;0.69;47
33045;0.69;43
33056;0.69;38
33068;0.53;38
33079;0.53;35
33090;0.53;29
33100;0.53;28
33112;0.53;26
33123;0.53;24
33134;0.53;21
33145;0.53;22
33157;0.53;21
33167;0.53;23
33178;0.53;24
33189;0.53;23
33201;0.53;26
33212;0.53;24
33223;0.53;23
33233;0.53;25
33245;0.53;28
33256;0.53;26
33267;0.53;27
33278;0.53;28
33290;0.53;28
33300;0.53;28
33311;0.53;31
33323;0.53;31
33334;0.53;32
33345;0.53;32
33356;0.53;36
33367;0.53;38
33378;0.53;40
33389;0.53;39
33400;0.53;43
33412;0.53;44
33423;0.53;45
33433;0.53;50
33444;0.53;50
33456;0.53;52
33467;0.53;56
33478;0.53;56
33489;0.53;55
33501;0.53;58
33513;0.53;58
33524;0.53;63
33537;0.53;64
33548;0.53;65
33560;0.69;69
33571;0.69;69
33584;0.69;71
33595;0.69;75
33609;0.69;78
33620;0.69;78
33633;0.69;79
33644;0.69;81
33656;0.69;83
33668;0.69;84
33680;0.69;86
33691;0.69;88
33703;0.69;90
33715;0.69;89
33727;0.69;90
33738;0.69;90
33751;0.69;88
33762;0.69;91
33774;0.69;90
33785;0.69;88
33798;0.69;87
33809;0.69;88
33821;0.69;85
33832;0.69;89
33845;0.69;87
33856;0.69;84
33868;0.69;83
33880;0.69;80
33892;0.69;77
33903;0.69;77
33915;0.69;76
33927;0.69;76
33939;0.69;70
33950;0.69;69
33963;0.69;73
33974;0.69;65
33986;0.69;62
33997;0.69;61
34010;0.69;59
34021;0.69;58
34033;0.69;56
34044;0.69;56
34056;0.69;51
34067;0.53;51
34078;0.53;50
34088;0.53;46
34100;0.53;45
34111;0.53;43
34122;0.53;39
34134;0.53;36
34145;0.53;35
34155;0.53;32
34166;0.53;31
34178;0.53;30
34189;0.53;30
34200;0.53;26
34211;0.53;26
34222;0.53;26
34233;0.53;24
34244;0.53;22
34255;0.53;21
34267;0.53;22
34278;0.53;22
34288;0.53;21
34299;0.53;23
34311;0.53;24
34322;0.53;25
34333;0.53;26
34344;0.53;27
34355;0.53;28
34366;0.53;28
34377;0.53;30
34388;0.53;27
34400;0.53;32
34411;0.53;31
34421;0.53;34
34433;0.53;36
34444;0.53;35
34455;0.53;38
34466;0.53;41
34478;0.53;40
34488;0.53;45
34499;0.53;46
34510;0.53;48
34522;0.53;51
34533;0.53;49
34544;0.53;53
34554;0.53;55
34567;0.69;57
34578;0.69;59
34589;0.69;62
34601;0.69;60
34613;0.69;60
34625;0.69;65
34636;0.69;66
34649;0.69;66
34660;0.69;69 
34672;0.69;69
34683;0.69;70
34696;0.69;73
34707;0.69;72
34719;0.69;75
34731;0.69;74
34743;0.69;73
34754;0.69;74
34766;0.69;75
34778;0.69;75
34790;0.69;74
34801;0.69;74
34813;0.69;74
34825;0.69;69
34837;0.69;70
34848;0.69;71
34861;0.69;67
34872;0.69;64
34884;0.69;65
34895;0.69;62
34908;0.69;62
34919;0.69;60
34931;0.69;59
34942;0.69;57
34955;0.69;56
34966;0.69;52
34977;0.69;52
34989;0.69;53 
35000;0.69;48
35011;0.69;50
35021;0.69;45
35033;0.69;45
35044;0.69;41
35055;0.69;42
35066;0.53;37
35078;0.53;38
35088;0.53;35
35099;0.53;34
35110;0.53;31
35122;0.53;30
35133;0.53;26
35144;0.53;24
35154;0.53;24
35166;0.53;23
35177;0.53;22
35188;0.53;22
35200;0.53;24
35211;0.53;23
35221;0.53;24
35232;0.53;24
35244;0.53;23
35255;0.53;26 
35266;0.53;26
35277;0.53;25
35288;0.53;27
35299;0.53;30
35310;0.53;29
35321;0.53;30
35333;0.53;30
35344;0.53;30
35354;0.53;32
35365;0.53;31
35377;0.53;35
35388;0.53;35
35399;0.53;37
35410;0.53;38
35421;0.53;37
35432;0.53;41
35443;0.53;43
35454;0.53;43
35466;0.53;48
35477;0.53;47
35487;0.53;49
35499;0.53;50
35510;0.53;51
35521;0.53;53 
35532;0.53;55
35544;0.53;59
35556;0.53;60
35567;0.69;61
35579;0.69;63
35591;0.69;66
35603;0.69;67
35614;0.69;69
35627;0.69;71
35638;0.69;72
35650;0.69;75
35661;0.69;75
35674;0.69;73
35685;0.69;78
35697;0.69;76
35708;0.69;79 
35721;0.69;79
35732;0.69;79
35744;0.69;80
35756;0.69;81
35768;0.69;80
35779;0.69;81
35791;0.69;80
35803;0.69;80
35815;0.69;76
35826;0.69;75
35838;0.69;77
35850;0.69;74
35862;0.69;73
35873;0.69;69
35886;0.69;69
35897;0.69;69 
35909;0.69;68
35920;0.69;66
35933;0.69;63
35944;0.69;62
35956;0.69;59
35968;0.69;58
35980;0.69;57
35991;0.69;54
36002;0.69;53
36014;0.69;50
36025;0.69;48
36036;0.69;44
36046;0.69;42
36058;0.69;40
36069;0.53;39
36080;0.53;37
36091;0.53;33
36103;0.53;31
36113;0.53;29
36124;0.53;26
36135;0.53;25
36147;0.53;23
36158;0.53;21
36169;0.53;22
36179;0.53;23
36191;0.53;22
36202;0.53;22
36213;0.53;25
36225;0.53;24
36236;0.53;24
36246;0.53;26
36257;0.53;27
36269;0.53;26
36280;0.53;27
36291;0.53;28
36302;0.53;29
36313;0.53;29
36324;0.53;34
36335;0.53;33
36346;0.53;35
36358;0.53;35
36369;0.53;38
36379;0.53;39
36390;0.53;42
36402;0.53;43
36413;0.53;43
36424;0.53;45
36435;0.53;48
36446;0.53;49
36457;0.53;53
36468;0.53;51
36480;0.53;55 
36491;0.53;58
36502;0.53;57
36516;0.53;60
36528;0.53;62
36540;0.53;63
36551;0.53;65
36563;0.69;68
36575;0.69;67
36587;0.69;70
36598;0.69;74
36611;0.69;73
36622;0.69;78 
36634;0.69;75
36645;0.69;78
36658;0.69;81
36669;0.69;85
36681;0.69;81
36692;0.69;85
36705;0.69;84
36716;0.69;85 
36728;0.69;85
36740;0.69;85
36752;0.69;85
36763;0.69;85
36775;0.69;85
36787;0.69;83
36799;0.69;86
36810;0.69;82
36823;0.69;83
36834;0.69;82
36846;0.69;80
36857;0.69;80
36870;0.69;78
36881;0.69;80
36893;0.69;75
36904;0.69;72 
36917;0.69;73
36928;0.69;68
36940;0.69;68
36952;0.69;66
36964;0.69;65
36975;0.69;63
36987;0.69;62
36999;0.69;60 
37011;0.69;58
37022;0.69;59
37033;0.69;54
37045;0.69;51 
37056;0.69;50
37067;0.53;48
37078;0.53;45
37089;0.53;44
37100;0.53;43
37111;0.53;40
37123;0.53;38
37134;0.53;37
37144;0.53;36
37155;0.53;34
37167;0.53;32
37178;0.53;32
37189;0.53;33
37200;0.53;28
37211;0.53;28
37222;0.53;27
37233;0.53;27
37244;0.53;27
37256;0.53;26
37267;0.53;28
37277;0.53;26
37288;0.53;27
37300;0.53;29
37311;0.53;24 
37322;0.53;26
37334;0.53;26
37344;0.53;30
37355;0.53;28
37366;0.53;31
37378;0.53;32
37389;0.53;33
37400;0.53;36
37410;0.53;38
37422;0.53;39
37433;0.53;38
37444;0.53;39
37455;0.53;43
37467;0.53;43
37477;0.53;47
37488;0.53;45
37499;0.53;51
37511;0.53;52
37522;0.53;52
37533;0.53;56
37543;0.53;56
37556;0.53;56
37567;0.69;60
37579;0.69;60
37591;0.69;64
37603;0.69;68
37614;0.69;69
37626;0.69;71
37638;0.69;72
37650;0.69;72
37661;0.69;75
37673;0.69;77
37685;0.69;78
37697;0.69;81
37708;0.69;81
37721;0.69;84
37732;0.69;82
37744;0.69;85
37755;0.69;82
37768;0.69;82
37779;0.69;84
37791;0.69;82
37803;0.69;80
37815;0.69;83
37826;0.69;82
37838;0.69;81
37850;0.69;78
37862;0.69;77
37873;0.69;77
37885;0.69;76
37897;0.69;76
37909;0.69;72
37920;0.69;72
37933;0.69;69
37944;0.69;68
37956;0.69;64
37967;0.69;62
37980;0.69;60
37991;0.69;58
38003;0.69;57
38014;0.69;56
38027;0.69;53
38038;0.69;52
38049;0.69;48
38060;0.53;46
38071;0.53;46
38082;0.53;43
38093;0.53;41 
38105;0.53;38
38116;0.53;37
38126;0.53;34
38137;0.53;30
38149;0.53;27
38160;0.53;25
38171;0.53;22
38182;0.53;22
38193;0.53;23
38204;0.53;23
38215;0.53;23
38226;0.53;21
38238;0.53;25
38249;0.53;25
38259;0.53;25
38270;0.53;26
38282;0.53;29
38293;0.53;29
38304;0.53;30
38316;0.53;30
38326;0.53;33
38337;0.53;36
38348;0.53;32
38360;0.53;36 
38371;0.53;36
38382;0.53;38
38392;0.53;41
38404;0.53;41
38415;0.53;43
38426;0.53;46
38437;0.53;47
38449;0.53;49
38459;0.53;49
38470;0.53;56
38481;0.53;56
38493;0.53;56
38504;0.53;57
38515;0.53;57
38528;0.53;61
38539;0.53;65 
38551;0.53;65
38562;0.69;66
38575;0.69;68
38586;0.69;69
38598;0.69;72
38609;0.69;75
38622;0.69;76
38633;0.69;76 
38645;0.69;77
38657;0.69;77
38669;0.69;80
38680;0.69;80
38692;0.69;81
38704;0.69;81
38716;0.69;78
38727;0.69;81 
38739;0.69;82
38751;0.69;79
38763;0.69;78
38774;0.69;80
38787;0.69;77
38798;0.69;77
38810;0.69;79
38821;0.69;74 
38834;0.69;75
38845;0.69;72
38857;0.69;72
38868;0.69;69
38881;0.69;69
38892;0.69;65
38904;0.69;65
38916;0.69;64 
38928;0.69;62
38939;0.69;60
38951;0.69;58
38963;0.69;57
38974;0.69;54
38986;0.69;52
38996;0.69;54
39008;0.69;51
39019;0.69;48
39030;0.69;46
39042;0.69;44
39053;0.69;43
39063;0.53;42
39074;0.53;40
39086;0.53;42
39097;0.53;38 
39108;0.53;36
39119;0.53;37
39130;0.53;35
39141;0.53;32
39152;0.53;31
39163;0.53;30
39175;0.53;28
39186;0.53;26
39196;0.53;26
39207;0.53;24
39219;0.53;24
39230;0.53;24
39241;0.53;24
39252;0.53;23
39263;0.53;24
39274;0.53;25
39285;0.53;24
39297;0.53;24
39308;0.53;23
39319;0.53;27
39329;0.53;27
39341;0.53;27
39352;0.53;29
39363;0.53;32 
39374;0.53;32
39386;0.53;31
39396;0.53;33
39407;0.53;37
39418;0.53;38
39432;0.53;41
39443;0.53;41
39454;0.53;45
39464;0.53;44
39476;0.53;45
39487;0.53;49
39498;0.53;51 
39510;0.53;51
39521;0.53;55
39531;0.53;56
39542;0.53;57
39554;0.53;60
39566;0.69;60
39577;0.69;61
39589;0.69;65
39601;0.69;62
39613;0.69;66
39624;0.69;65
39636;0.69;69
39648;0.69;70
39660;0.69;70
39671;0.69;73
39684;0.69;75
39695;0.69;72
39707;0.69;73
39718;0.69;73
39731;0.69;72
39742;0.69;75
39754;0.69;71
39766;0.69;72
39778;0.69;74
39789;0.69;70
39801;0.69;73
39813;0.69;70
39825;0.69;69
39836;0.69;68
39848;0.69;68
39860;0.69;67
39872;0.69;66
39883;0.69;64
39896;0.69;62
39907;0.69;60
39919;0.69;59
39930;0.69;57
39943;0.69;58
39954;0.69;52
39965;0.69;51 
39976;0.69;51
39988;0.69;46
39998;0.69;46
40009;0.69;43
40020;0.69;40
40032;0.69;39
40043;0.69;34
40054;0.69;33
40065;0.53;29
40076;0.53;29
40087;0.53;29
40098;0.53;25
40110;0.53;23
40121;0.53;22
40131;0.53;24
40142;0.53;22
40154;0.53;24
40165;0.53;25
40176;0.53;26
40187;0.53;24
40198;0.53;26
40209;0.53;26
40220;0.53;26
40231;0.53;26 
40243;0.53;26
40254;0.53;29
40264;0.53;25
40275;0.53;27
40287;0.53;28
40298;0.53;30
40309;0.53;31
40321;0.53;29
40331;0.53;32
40342;0.53;36
40353;0.53;34
40365;0.53;36
40376;0.53;39
40387;0.53;39
40397;0.53;39
40409;0.53;43
40420;0.53;46
40431;0.53;46
40442;0.53;48
40454;0.53;52
40464;0.53;52
40475;0.53;54
40486;0.53;56
40499;0.53;59
40510;0.53;59
40522;0.53;60
40534;0.53;63
40546;0.53;65
40557;0.53;69
40569;0.69;71
40581;0.69;74
40593;0.69;78
40604;0.69;76
40616;0.69;78
40628;0.69;82
40640;0.69;86
40651;0.69;84
40664;0.69;86
40675;0.69;89
40687;0.69;91
40698;0.69;92
40711;0.69;92
40722;0.69;95
40734;0.69;94
40745;0.69;95
40758;0.69;94
40769;0.69;94
40781;0.69;92
40793;0.69;95
40805;0.69;91
40816;0.69;95
40828;0.69;92
40840;0.69;90
40852;0.69;92
40863;0.69;90
40876;0.69;88
40887;0.69;87
40899;0.69;83
40910;0.69;84
40923;0.69;82
40934;0.69;79
40946;0.69;78
40957;0.69;77
40970;0.69;72
40981;0.69;69
40993;0.69;68
41005;0.69;68
41017;0.69;64
41028;0.69;62
41040;0.69;60
41052;0.69;58
41064;0.53;58
41075;0.53;55
41088;0.53;52
41098;0.53;50
41109;0.53;51
41120;0.53;47
41132;0.53;48
41143;0.53;44
41154;0.53;42
41164;0.53;42
41176;0.53;38
41187;0.53;38
41198;0.53;36 
41209;0.53;35
